"term","course","student_id","grades","grades_flag","gender","urg_flag","first_gen","mental_health","passing_satisfaction","math_background","sense_of_belonging","leaving_cs","coding_experience","passing_confidence","role_models","cs_classmates"
Winter23,ICS32,Winter23_ICS32_0,A+,bm_above,Female,Non-URG,No,4,5,3,4,3,1,2,1,1
Winter23,ICS32,Winter23_ICS32_1,A+,bm_above,Female,Non-URG,No,2,5,1,2,1,0,0,0,0
Winter23,ICS32,Winter23_ICS32_2,A+,bm_above,Male,Non-URG,No,5,5,3,5,5,2,3,0,1
Winter23,ICS32,Winter23_ICS32_3,A-,bm_above,Female,Non-URG,No,5,5,2,4,1,0,2,0,0
Winter23,ICS32,Winter23_ICS32_4,B+,bm_above,Other,Non-URG,No,3,3,0,4,4,0,1,1,1
Winter23,ICS32,Winter23_ICS32_5,A+,bm_above,Female,URG,Yes,4,2,3,3,2,2,1,1,1
Winter23,ICS32,Winter23_ICS32_6,D+,cp_below_dropped,Female,Non-URG,Yes,3,2,4,3,3,0,0,0,0
Winter23,ICS32,Winter23_ICS32_7,F,cp_below_dropped,Female,URG,Yes,3,3,0,2,1,0,0,1,0
Winter23,ICS32,Winter23_ICS32_8,A+,bm_above,Male,Non-URG,No,3,4,3,5,4,3,2,1,1
Winter23,ICS32,Winter23_ICS32_9,F,cp_below_dropped,Male,URG,No,3,1,4,4,3,2,3,1,0
Winter23,ICS32,Winter23_ICS32_10,A+,bm_above,Male,Non-URG,No,3,4,1,4,4,1,2,1,0
Winter23,ICS32,Winter23_ICS32_11,A+,bm_above,Female,Non-URG,Yes,3,5,0,4,4,0,0,0,1
Winter23,ICS32,Winter23_ICS32_12,B,bm_above,Female,Non-URG,No,1,5,0,2,2,0,0,1,1
Winter23,ICS32,Winter23_ICS32_13,A-,bm_above,Male,Non-URG,Yes,1,5,2,3,1,0,0,1,0
Winter23,ICS32,Winter23_ICS32_14,C-,cp_below_dropped,Male,URG,No,2,3,0,3,1,1,2,1,1
Winter23,ICS32,Winter23_ICS32_15,F,cp_below_dropped,Male,URG,No,2,4,0,1,1,0,1,0,1
Winter23,ICS32,Winter23_ICS32_16,A,bm_above,Male,URG,No,4,5,3,5,5,0,2,1,1
Winter23,ICS32,Winter23_ICS32_17,B+,bm_above,Male,Non-URG,Yes,4,4,0,3,3,0,1,1,1
Winter23,ICS32,Winter23_ICS32_18,A-,bm_above,Female,Non-URG,No,5,4,2,3,1,1,0,1,1
Winter23,ICS32,Winter23_ICS32_19,A-,bm_above,Male,Non-URG,No,3,4,1,3,2,0,2,0,0
Winter23,ICS32,Winter23_ICS32_20,A-,bm_above,Male,Non-URG,No,5,4,2,4,1,1,1,0,1
Winter23,ICS32,Winter23_ICS32_21,B-,bm_above,Male,URG,No,4,4,0,4,4,0,1,1,1
Winter23,ICS32,Winter23_ICS32_22,A,bm_above,Male,Non-URG,No,5,5,3,5,5,2,3,1,0
Winter23,ICS32,Winter23_ICS32_23,A,bm_above,Male,Non-URG,Yes,3,4,3,3,3,1,0,0,1
Winter23,ICS32,Winter23_ICS32_24,C,cp_below_dropped,Male,Non-URG,No,2,2,2,3,1,2,2,1,0
Winter23,ICS32,Winter23_ICS32_25,A,bm_above,Male,Non-URG,No,4,3,2,5,5,1,2,0,0
Winter23,ICS32,Winter23_ICS32_26,B,bm_above,Female,Non-URG,No,3,2,1,3,3,0,1,1,0
Winter23,ICS32,Winter23_ICS32_27,B,bm_above,Male,Non-URG,Yes,2,3,2,3,3,0,2,0,0
Winter23,ICS32,Winter23_ICS32_28,B+,bm_above,Male,Non-URG,No,4,4,1,4,5,1,0,1,1
Winter23,ICS32,Winter23_ICS32_29,C,cp_below_dropped,Female,Non-URG,No,3,4,0,2,1,0,0,1,1
Winter23,ICS32,Winter23_ICS32_30,A+,bm_above,Male,Non-URG,No,4,5,1,3,3,0,2,0,1
Winter23,ICS32,Winter23_ICS32_31,B,bm_above,Male,Non-URG,Yes,5,4,1,3,3,1,1,0,1
Winter23,ICS32,Winter23_ICS32_32,A,bm_above,Female,Non-URG,No,4,4,2,4,4,2,3,1,1
Winter23,ICS32,Winter23_ICS32_33,B+,bm_above,Female,Non-URG,No,3,4,0,3,2,0,0,0,1
Winter23,ICS32,Winter23_ICS32_34,A+,bm_above,Female,Non-URG,Yes,3,4,3,3,4,0,1,1,0
Winter23,ICS32,Winter23_ICS32_35,A,bm_above,Male,URG,No,5,5,3,4,4,0,3,1,1
Winter23,ICS32,Winter23_ICS32_36,A+,bm_above,Male,Non-URG,No,5,5,2,4,2,0,3,1,1
Winter23,ICS32,Winter23_ICS32_37,A+,bm_above,Female,Non-URG,No,2,4,2,3,4,1,1,0,0
Winter23,ICS32,Winter23_ICS32_38,A-,bm_above,Female,URG,No,2,2,0,2,3,0,1,0,0
Winter23,ICS32,Winter23_ICS32_39,A-,bm_above,Male,Non-URG,No,3,1,2,5,5,3,3,1,1
Winter23,ICS32,Winter23_ICS32_40,B,bm_above,Male,Non-URG,Yes,3,5,1,4,2,0,3,1,1
Winter23,ICS32,Winter23_ICS32_41,B-,bm_above,Male,Non-URG,No,3,4,3,3,2,1,1,0,1
Winter23,ICS32,Winter23_ICS32_42,C+,cp_below_dropped,Female,URG,Yes,3,3,2,4,1,1,2,1,1
Winter23,ICS32,Winter23_ICS32_43,A+,bm_above,Female,Non-URG,No,5,4,3,4,4,0,3,1,1
Winter23,ICS32,Winter23_ICS32_44,A-,bm_above,Male,Non-URG,No,1,2,1,3,2,0,1,0,1
Winter23,ICS32,Winter23_ICS32_45,C,cp_below_dropped,Female,URG,Yes,3,3,0,4,4,0,3,0,1
Winter23,ICS32,Winter23_ICS32_46,A,bm_above,Male,Non-URG,Yes,5,2,3,5,3,0,2,1,0
Winter23,ICS32,Winter23_ICS32_47,A,bm_above,Female,Non-URG,No,3,3,1,3,3,1,2,0,1
Winter23,ICS32,Winter23_ICS32_48,B+,bm_above,Male,Non-URG,No,4,1,4,4,3,3,2,0,1
Winter23,ICS32,Winter23_ICS32_49,A,bm_above,Female,Non-URG,Yes,3,3,3,3,3,0,0,1,1
Winter23,ICS32,Winter23_ICS32_50,A+,bm_above,Male,Non-URG,Yes,5,2,3,5,4,4,1,1,1
Winter23,ICS32,Winter23_ICS32_51,F,cp_below_dropped,Female,URG,Yes,1,3,0,5,2,3,2,0,0
Winter23,ICS32,Winter23_ICS32_52,A,bm_above,Male,Non-URG,No,4,5,2,5,4,1,2,1,1
Winter23,ICS32,Winter23_ICS32_53,C+,cp_below_dropped,Female,Non-URG,No,1,1,3,4,3,0,1,1,1
Winter23,ICS32,Winter23_ICS32_54,A+,bm_above,Male,Non-URG,Yes,3,4,1,3,2,1,1,1,1
Winter23,ICS32,Winter23_ICS32_55,A-,bm_above,Female,Non-URG,Yes,4,4,3,4,4,1,2,1,1
Winter23,ICS32,Winter23_ICS32_56,B,bm_above,Male,Non-URG,No,3,5,1,5,4,0,2,0,1
Winter23,ICS32,Winter23_ICS32_57,C+,cp_below_dropped,Female,Non-URG,No,4,2,3,3,4,1,1,1,0
Winter23,ICS32,Winter23_ICS32_58,B,bm_above,Female,Non-URG,Yes,5,5,3,4,4,0,2,1,1
Winter23,ICS32,Winter23_ICS32_59,C,cp_below_dropped,Other,Non-URG,No,3,4,2,3,3,2,2,1,0
Winter23,ICS32,Winter23_ICS32_60,A+,bm_above,Female,Non-URG,No,5,3,3,3,3,0,2,0,1
Winter23,ICS32,Winter23_ICS32_61,A+,bm_above,Male,URG,Yes,4,5,0,4,4,1,2,0,0
Winter23,ICS32,Winter23_ICS32_62,A-,bm_above,Male,Non-URG,Yes,3,2,3,4,5,2,1,1,0
Winter23,ICS32,Winter23_ICS32_63,A-,bm_above,Female,Non-URG,No,4,3,3,3,3,1,3,1,1
Winter23,ICS32,Winter23_ICS32_64,A,bm_above,Male,Non-URG,No,5,4,0,3,2,1,2,0,0
Winter23,ICS32,Winter23_ICS32_65,B-,bm_above,Female,Non-URG,No,3,4,3,2,2,0,0,1,0
Winter23,ICS32,Winter23_ICS32_66,A-,bm_above,Female,Non-URG,No,1,4,0,3,4,0,1,0,1
Winter23,ICS32,Winter23_ICS32_67,A+,bm_above,Male,Non-URG,Yes,3,5,4,4,5,0,1,0,0
Winter23,ICS32,Winter23_ICS32_68,A,bm_above,Male,Non-URG,Yes,4,5,0,4,2,1,2,1,1
Winter23,ICS32,Winter23_ICS32_69,A-,bm_above,Male,Non-URG,No,3,3,3,3,1,0,0,1,0
Winter23,ICS32,Winter23_ICS32_70,A-,bm_above,Male,Non-URG,Yes,5,4,0,3,4,1,3,0,1
Winter23,ICS32,Winter23_ICS32_71,A+,bm_above,Male,Non-URG,No,4,4,2,3,2,1,2,1,0
Winter23,ICS32,Winter23_ICS32_72,A+,bm_above,Female,Non-URG,No,4,5,3,5,5,0,3,0,1
Winter23,ICS32,Winter23_ICS32_73,A-,bm_above,Male,Non-URG,No,4,2,1,4,2,1,2,1,1
Winter23,ICS32,Winter23_ICS32_74,B+,bm_above,Male,Non-URG,Yes,5,3,2,5,5,3,3,1,1
Winter23,ICS32,Winter23_ICS32_75,A+,bm_above,Female,Non-URG,No,4,3,3,3,4,2,1,1,0
Winter23,ICS32,Winter23_ICS32_76,A,bm_above,Male,Non-URG,No,3,5,1,5,3,1,3,0,0
Winter23,ICS32,Winter23_ICS32_77,A+,bm_above,Female,Non-URG,Yes,4,3,1,4,4,1,2,1,1
Winter23,ICS32,Winter23_ICS32_78,A-,bm_above,Male,Non-URG,Yes,4,4,1,5,4,0,2,0,1
Winter23,ICS32,Winter23_ICS32_79,B,bm_above,Female,Non-URG,No,4,4,2,3,3,0,2,1,1
Winter23,ICS32,Winter23_ICS32_80,A-,bm_above,Male,Non-URG,No,5,3,0,5,5,3,2,1,1
Winter23,ICS32,Winter23_ICS32_81,Drop,cp_below_dropped,Female,Non-URG,No,3,4,1,2,3,0,1,0,1
Winter23,ICS32,Winter23_ICS32_82,A+,bm_above,Female,Non-URG,No,3,3,3,3,3,0,1,0,1
Winter23,ICS32,Winter23_ICS32_83,A,bm_above,Male,Non-URG,No,5,4,0,4,5,2,2,0,1
Winter23,ICS32,Winter23_ICS32_84,A+,bm_above,Female,Non-URG,No,3,2,3,4,2,1,2,1,1
Winter23,ICS32,Winter23_ICS32_85,C+,cp_below_dropped,Male,Non-URG,No,3,2,1,4,2,1,3,1,1
Winter23,ICS32,Winter23_ICS32_86,C,cp_below_dropped,Male,Non-URG,Yes,5,1,0,4,5,0,1,1,1
Winter23,ICS32,Winter23_ICS32_87,B,bm_above,Male,Non-URG,No,4,4,2,4,2,0,2,1,1
Winter23,ICS32,Winter23_ICS32_88,A,bm_above,Male,Non-URG,No,3,5,1,3,3,1,3,1,1
Winter23,ICS32,Winter23_ICS32_89,A-,bm_above,Female,Non-URG,No,3,3,3,5,5,0,2,1,1
Winter23,ICS32,Winter23_ICS32_90,A,bm_above,Male,Non-URG,Yes,5,2,2,3,2,2,3,1,1
Winter23,ICS32,Winter23_ICS32_91,A-,bm_above,Female,Non-URG,No,2,1,2,2,1,0,0,0,0
Winter23,ICS32,Winter23_ICS32_92,Drop,cp_below_dropped,Male,URG,No,2,2,0,2,4,0,0,0,0
Winter23,ICS32,Winter23_ICS32_93,B+,bm_above,Male,Non-URG,Yes,4,4,3,3,4,0,2,1,1
Winter23,ICS32,Winter23_ICS32_94,A,bm_above,Male,Non-URG,No,5,4,3,3,3,1,2,1,0
Winter23,ICS32,Winter23_ICS32_95,B,bm_above,Female,Non-URG,No,3,4,2,3,3,1,0,1,0
Winter23,ICS32,Winter23_ICS32_96,A+,bm_above,Female,Non-URG,Yes,5,2,2,3,2,1,3,1,1
Winter23,ICS32,Winter23_ICS32_97,B+,bm_above,Male,Non-URG,No,3,4,2,4,4,1,1,0,1
Winter23,ICS32,Winter23_ICS32_98,A+,bm_above,Female,Non-URG,Yes,4,2,4,4,3,0,1,0,0
Winter23,ICS32,Winter23_ICS32_99,A-,bm_above,Female,Non-URG,No,5,5,3,3,3,2,1,0,1
Winter23,ICS32,Winter23_ICS32_100,A+,bm_above,Other,Non-URG,No,4,5,3,5,3,3,3,0,1
Winter23,ICS32,Winter23_ICS32_101,A,bm_above,Male,URG,Yes,4,3,2,5,5,0,2,1,0
Winter23,ICS32,Winter23_ICS32_102,B+,bm_above,Male,Non-URG,No,3,2,1,5,4,1,2,1,1
Winter23,ICS32,Winter23_ICS32_103,A+,bm_above,Male,Non-URG,No,5,4,3,4,3,0,2,0,1
Winter23,ICS32,Winter23_ICS32_104,A+,bm_above,Female,Non-URG,No,4,5,4,4,4,1,2,0,1
Winter23,ICS32,Winter23_ICS32_105,B+,bm_above,Male,Non-URG,No,4,1,3,3,3,1,1,1,0
Winter23,ICS32,Winter23_ICS32_106,A,bm_above,Female,Non-URG,Yes,3,4,4,3,5,1,0,0,1
Winter23,ICS32,Winter23_ICS32_107,B+,bm_above,Female,URG,No,3,2,0,4,3,1,1,1,1
Winter23,ICS32,Winter23_ICS32_108,A-,bm_above,Male,Non-URG,No,3,2,2,4,4,0,1,1,1
Winter23,ICS32,Winter23_ICS32_109,A,bm_above,Female,Non-URG,Yes,2,4,4,4,2,1,1,0,0
Winter23,ICS32,Winter23_ICS32_110,D,cp_below_dropped,Female,Non-URG,Yes,1,2,0,4,4,2,2,0,0
Winter23,ICS32,Winter23_ICS32_111,A-,bm_above,Female,Non-URG,No,3,4,3,4,5,3,2,1,1
Winter23,ICS32,Winter23_ICS32_112,Drop,cp_below_dropped,Male,Non-URG,No,3,3,1,3,1,1,2,1,0
Winter23,ICS32,Winter23_ICS32_113,Drop,cp_below_dropped,Female,Non-URG,Yes,1,4,4,2,2,1,2,1,1
Winter23,ICS32,Winter23_ICS32_114,A-,bm_above,Male,Non-URG,Yes,2,3,3,5,4,3,3,1,1
Winter23,ICS32,Winter23_ICS32_115,B+,bm_above,Female,Non-URG,Yes,3,5,1,2,4,0,3,1,1
Winter23,ICS32,Winter23_ICS32_116,A,bm_above,Male,Non-URG,No,3,5,2,5,5,2,2,1,1
Winter23,ICS32,Winter23_ICS32_117,A-,bm_above,Female,Non-URG,No,1,3,3,3,2,1,1,1,0
Winter23,ICS32,Winter23_ICS32_118,A,bm_above,Male,Non-URG,No,2,4,2,5,4,2,2,1,1
Winter23,ICS32,Winter23_ICS32_119,B+,bm_above,Male,Non-URG,Yes,3,3,1,3,3,1,1,1,0
Winter23,ICS32,Winter23_ICS32_120,B,bm_above,Female,URG,No,3,3,3,2,2,1,1,0,0
Winter23,ICS32,Winter23_ICS32_121,A,bm_above,Female,Non-URG,No,2,5,0,4,3,0,1,1,0
Winter23,ICS32,Winter23_ICS32_122,A,bm_above,Male,Non-URG,No,4,4,2,4,5,3,1,1,0
Winter23,ICS32,Winter23_ICS32_123,A,bm_above,Male,URG,No,4,5,0,3,3,0,1,1,1
Winter23,ICS32,Winter23_ICS32_124,A,bm_above,Male,Non-URG,Yes,5,4,1,3,3,1,2,1,1
Winter23,ICS32,Winter23_ICS32_125,A,bm_above,Female,Non-URG,No,3,5,4,2,1,0,0,0,0
Winter23,ICS32,Winter23_ICS32_126,A,bm_above,Male,URG,No,4,4,0,2,3,0,2,0,0
Winter23,ICS32,Winter23_ICS32_127,B-,bm_above,Male,Non-URG,No,4,4,1,3,3,0,1,1,1
Winter23,ICS32,Winter23_ICS32_128,A,bm_above,Male,Non-URG,No,3,3,2,3,3,0,1,0,1
Winter23,ICS32,Winter23_ICS32_129,B+,bm_above,Male,Non-URG,Yes,3,3,3,3,3,1,3,0,0
Winter23,ICS32,Winter23_ICS32_130,C+,cp_below_dropped,Male,URG,No,1,1,0,2,1,0,0,1,0
Winter23,ICS32,Winter23_ICS32_131,A,bm_above,Male,Non-URG,Yes,1,4,3,5,3,0,2,1,0
Winter23,ICS32,Winter23_ICS32_132,A+,bm_above,Male,Non-URG,No,4,4,1,5,3,1,3,1,1
Winter23,ICS32,Winter23_ICS32_133,D+,cp_below_dropped,Male,Non-URG,Yes,2,2,1,4,3,2,2,1,0
Winter23,ICS32,Winter23_ICS32_134,A,bm_above,Male,Non-URG,Yes,4,5,2,4,4,0,1,1,1
Winter23,ICS32,Winter23_ICS32_135,B,bm_above,Male,Non-URG,No,4,3,0,4,4,2,2,1,1
Winter23,ICS32,Winter23_ICS32_136,Drop,cp_below_dropped,Male,Non-URG,No,2,1,0,4,5,0,1,0,1
Winter23,ICS32,Winter23_ICS32_137,B+,bm_above,Male,URG,Yes,3,1,0,5,4,0,2,0,0
Winter23,ICS32,Winter23_ICS32_138,C,cp_below_dropped,Female,Non-URG,No,4,4,1,4,2,2,2,0,1
Winter23,ICS32,Winter23_ICS32_139,A,bm_above,Female,Non-URG,No,2,4,2,3,2,2,1,1,1
Winter23,ICS32,Winter23_ICS32_140,A-,bm_above,Male,Non-URG,Yes,4,4,4,4,4,1,3,1,1
Winter23,ICS32,Winter23_ICS32_141,A+,bm_above,Male,Non-URG,Yes,3,2,2,5,3,1,1,1,1
Winter23,ICS32,Winter23_ICS32_142,B+,bm_above,Female,Non-URG,No,2,5,2,3,4,0,3,1,1
Winter23,ICS32,Winter23_ICS32_143,F,cp_below_dropped,Male,Non-URG,No,5,4,1,3,3,0,1,0,0
Winter23,ICS32,Winter23_ICS32_144,A-,bm_above,Male,Non-URG,No,4,5,2,5,5,0,3,1,0
Winter23,ICS32,Winter23_ICS32_145,A,bm_above,Male,Non-URG,No,5,3,3,5,4,2,1,1,1
Winter23,ICS32,Winter23_ICS32_146,C,cp_below_dropped,Male,Non-URG,No,3,4,1,3,3,2,1,0,0
Winter23,ICS32,Winter23_ICS32_147,A,bm_above,Female,Non-URG,No,5,4,2,3,4,0,0,0,1
Winter23,ICS32,Winter23_ICS32_148,F,cp_below_dropped,Female,Non-URG,Yes,1,2,0,1,2,0,0,0,0
Winter23,ICS32,Winter23_ICS32_149,F,cp_below_dropped,Male,URG,No,3,3,1,2,3,0,0,0,0
Winter23,ICS32,Winter23_ICS32_150,A+,bm_above,Female,Non-URG,No,2,2,3,3,3,0,3,1,0
Winter23,ICS32,Winter23_ICS32_151,A-,bm_above,Male,URG,Yes,2,5,2,3,3,0,0,0,1
Winter23,ICS32,Winter23_ICS32_152,C,cp_below_dropped,Female,Non-URG,No,4,2,2,4,3,0,2,1,0
Winter23,ICS32,Winter23_ICS32_153,A-,bm_above,Male,Non-URG,Yes,3,2,1,4,3,2,3,1,1
Winter23,ICS32,Winter23_ICS32_154,B,bm_above,Female,Non-URG,Yes,2,2,0,3,3,1,1,0,1
Winter23,ICS32,Winter23_ICS32_155,A-,bm_above,Female,URG,Yes,1,3,0,3,3,0,0,0,0
Winter23,ICS32,Winter23_ICS32_156,B+,bm_above,Female,Non-URG,Yes,1,3,0,3,5,1,0,1,1
Winter23,ICS32,Winter23_ICS32_157,Drop,cp_below_dropped,Female,URG,No,2,3,0,1,1,0,0,0,0
Winter23,ICS32,Winter23_ICS32_158,A-,bm_above,Male,Non-URG,No,3,2,1,4,3,2,3,1,1
Winter23,ICS32,Winter23_ICS32_159,A,bm_above,Male,Non-URG,No,2,5,1,3,2,1,2,1,1
Winter23,ICS32,Winter23_ICS32_160,A+,bm_above,Male,URG,No,3,2,3,5,5,1,1,1,1
Winter23,ICS32,Winter23_ICS32_161,A+,bm_above,Male,Non-URG,Yes,5,2,3,3,4,0,1,1,1
Winter23,ICS32,Winter23_ICS32_162,F,cp_below_dropped,Female,Non-URG,No,5,2,0,4,2,2,2,1,1
Winter23,ICS32,Winter23_ICS32_163,F,cp_below_dropped,Female,Non-URG,No,1,5,1,5,1,2,0,1,1
Winter23,ICS32,Winter23_ICS32_164,F,cp_below_dropped,Female,Non-URG,No,2,4,2,2,1,0,0,0,1
Winter23,ICS32,Winter23_ICS32_165,A+,bm_above,Female,Non-URG,No,3,5,3,4,4,0,1,1,1
Winter23,ICS32,Winter23_ICS32_166,F,cp_below_dropped,Female,Non-URG,No,5,5,1,5,5,2,1,0,1
Winter23,ICS32,Winter23_ICS32_167,A+,bm_above,Female,Non-URG,No,3,4,2,3,4,0,1,1,1
Winter23,ICS32,Winter23_ICS32_168,F,cp_below_dropped,Female,Non-URG,Yes,2,2,0,3,3,0,0,0,0
Winter23,ICS32,Winter23_ICS32_169,B+,bm_above,Male,Non-URG,No,5,1,2,5,5,2,3,1,1
Winter23,ICS32,Winter23_ICS32_170,A+,bm_above,Male,Non-URG,No,5,1,1,5,4,2,3,1,1
Winter23,ICS32,Winter23_ICS32_171,A,bm_above,Male,Non-URG,No,4,5,3,5,5,0,3,0,0
Winter23,ICS32,Winter23_ICS32_172,A,bm_above,Male,URG,No,3,4,1,5,4,0,2,0,0
Winter23,ICS32,Winter23_ICS32_173,A+,bm_above,Female,Non-URG,No,1,5,2,1,2,0,1,0,0
Winter23,ICS32,Winter23_ICS32_174,F,cp_below_dropped,Male,Non-URG,No,4,2,4,4,2,0,1,1,0
Winter23,ICS32,Winter23_ICS32_175,B+,bm_above,Male,Non-URG,No,5,3,2,5,5,1,2,1,1
Winter23,ICS32,Winter23_ICS32_176,B+,bm_above,Male,Non-URG,No,5,4,3,5,2,1,3,1,1
Winter23,ICS32,Winter23_ICS32_177,B-,bm_above,Male,Non-URG,No,1,4,1,3,2,0,0,0,0
Winter23,ICS32,Winter23_ICS32_178,A-,bm_above,Male,Non-URG,Yes,3,5,1,3,5,0,1,0,0
Winter23,ICS32,Winter23_ICS32_179,A,bm_above,Male,Non-URG,Yes,1,1,3,5,3,3,1,0,0
Winter23,ICS32,Winter23_ICS32_180,A+,bm_above,Male,Non-URG,No,5,4,2,3,4,1,2,1,0
Winter23,ICS32,Winter23_ICS32_181,B,bm_above,Male,Non-URG,No,3,4,2,3,3,0,2,0,1
Winter23,ICS32,Winter23_ICS32_182,B-,bm_above,Male,Non-URG,Yes,2,2,0,1,5,4,0,0,1
Winter23,ICS32,Winter23_ICS32_183,A-,bm_above,Female,Non-URG,No,5,1,3,4,2,2,3,0,0
Winter23,ICS32,Winter23_ICS32_184,A+,bm_above,Male,Non-URG,No,2,3,4,3,4,1,1,0,1
Winter23,ICS32,Winter23_ICS32_185,Drop,cp_below_dropped,Male,Non-URG,No,2,4,1,5,3,3,3,1,1
Winter23,ICS32,Winter23_ICS32_186,C,cp_below_dropped,Male,URG,Yes,3,2,4,4,2,2,2,1,1
Winter23,ICS32,Winter23_ICS32_187,F,cp_below_dropped,Female,Non-URG,No,2,2,1,5,4,0,1,1,1
Winter23,ICS32,Winter23_ICS32_188,B+,bm_above,Male,URG,No,4,4,3,5,5,3,2,0,0
Winter23,ICS32,Winter23_ICS32_189,A+,bm_above,Male,Non-URG,No,4,3,2,3,2,1,1,1,0
Winter23,ICS32,Winter23_ICS32_190,F,cp_below_dropped,Female,URG,No,4,3,0,4,4,0,1,1,1
Winter23,ICS32,Winter23_ICS32_191,A,bm_above,Female,Non-URG,No,5,4,3,3,3,2,2,0,0
Winter23,ICS32,Winter23_ICS32_192,D+,cp_below_dropped,Female,Non-URG,No,3,5,3,5,5,2,3,1,0
Winter23,ICS32,Winter23_ICS32_193,A+,bm_above,Male,Non-URG,No,3,2,4,4,4,1,2,1,1
Winter23,ICS32,Winter23_ICS32_194,B+,bm_above,Male,Non-URG,No,4,4,1,4,3,1,2,1,1
Winter23,ICS32,Winter23_ICS32_195,B+,bm_above,Male,Non-URG,No,5,5,3,4,5,2,3,0,0
Winter23,ICS32,Winter23_ICS32_196,B,bm_above,Female,Non-URG,No,3,4,3,3,3,2,1,1,1
Winter23,ICS32,Winter23_ICS32_197,A-,bm_above,Male,Non-URG,Yes,3,4,1,4,4,2,2,0,1
Winter23,ICS32,Winter23_ICS32_198,A-,bm_above,Male,Non-URG,Yes,5,2,2,4,4,2,2,1,1
Winter23,ICS32,Winter23_ICS32_199,F,cp_below_dropped,Female,URG,Yes,1,2,1,2,2,0,0,0,1
Winter23,ICS32,Winter23_ICS32_200,C-,cp_below_dropped,Female,Non-URG,No,3,2,0,1,1,0,1,0,1
Winter23,ICS32,Winter23_ICS32_201,Drop,cp_below_dropped,Male,URG,Yes,5,2,0,4,2,1,2,1,0
Winter23,ICS32,Winter23_ICS32_202,B-,bm_above,Female,Non-URG,No,5,4,2,3,4,1,2,1,0
Winter23,ICS32,Winter23_ICS32_203,C+,cp_below_dropped,Male,URG,No,2,5,4,5,5,2,2,1,1
Winter23,ICS32,Winter23_ICS32_204,B,bm_above,Female,Non-URG,No,4,2,3,4,3,0,1,1,1
Winter23,ICS32,Winter23_ICS32_205,B+,bm_above,Male,Non-URG,No,4,4,1,3,4,0,3,1,1
Winter23,ICS32,Winter23_ICS32_206,A-,bm_above,Male,URG,No,1,2,0,4,1,1,2,1,0
Winter23,ICS32,Winter23_ICS32_207,B-,bm_above,Male,Non-URG,No,4,5,3,4,4,0,2,1,1
Winter23,ICS32,Winter23_ICS32_208,C+,cp_below_dropped,Female,Non-URG,No,4,3,4,2,2,0,1,0,1
Winter23,ICS32,Winter23_ICS32_209,A,bm_above,Male,URG,No,5,5,2,4,3,0,3,1,1
Winter23,ICS32,Winter23_ICS32_210,A,bm_above,Male,Non-URG,No,3,4,2,4,5,1,2,1,0
Winter23,ICS32,Winter23_ICS32_211,B+,bm_above,Male,URG,Yes,4,3,0,4,4,0,2,1,1
Winter23,ICS32,Winter23_ICS32_212,A,bm_above,Female,Non-URG,No,3,4,0,4,2,1,3,0,1
Winter23,ICS32,Winter23_ICS32_213,B-,bm_above,Male,Non-URG,Yes,3,5,2,3,3,0,1,0,1
Winter23,ICS32,Winter23_ICS32_214,A,bm_above,Female,Non-URG,No,3,5,3,5,5,2,3,1,1
Winter23,ICS32,Winter23_ICS32_215,F,cp_below_dropped,Male,Non-URG,No,4,4,1,5,4,2,2,1,1
Winter23,ICS32,Winter23_ICS32_216,A-,bm_above,Other,Non-URG,No,3,3,1,3,3,0,2,0,1
Winter23,ICS32,Winter23_ICS32_217,Drop,cp_below_dropped,Female,Non-URG,No,3,4,3,4,4,0,1,1,1
Winter23,ICS32,Winter23_ICS32_218,C+,cp_below_dropped,Male,URG,Yes,3,2,0,3,3,0,1,0,0
Winter23,ICS32,Winter23_ICS32_219,A+,bm_above,Male,Non-URG,No,5,5,2,5,5,0,3,1,1
Winter23,ICS32,Winter23_ICS32_220,A+,bm_above,Male,Non-URG,No,4,3,3,3,5,2,1,0,1
Winter23,ICS32,Winter23_ICS32_221,B-,bm_above,Male,Non-URG,No,4,2,0,4,4,0,2,1,0
Winter23,ICS32,Winter23_ICS32_222,B,bm_above,Male,Non-URG,No,4,2,3,3,2,1,2,1,1
Winter23,ICS32,Winter23_ICS32_223,F,cp_below_dropped,Female,URG,No,2,3,0,3,4,0,0,0,0
Winter23,ICS32,Winter23_ICS32_224,F,cp_below_dropped,Male,URG,Yes,2,2,0,4,4,0,1,0,0
Winter23,ICS32,Winter23_ICS32_225,A-,bm_above,Female,Non-URG,No,3,5,1,3,2,0,1,0,1
Winter23,ICS32,Winter23_ICS32_226,A-,bm_above,Female,URG,No,1,3,0,5,3,2,1,1,0
Winter23,ICS32,Winter23_ICS32_227,B+,bm_above,Male,URG,No,2,2,4,4,3,1,2,1,0
Winter23,ICS32,Winter23_ICS32_228,A,bm_above,Female,Non-URG,No,4,5,0,3,3,0,1,0,0
Winter23,ICS32,Winter23_ICS32_229,B,bm_above,Female,Non-URG,Yes,5,3,4,3,5,0,2,1,0
Winter23,ICS32,Winter23_ICS32_230,A+,bm_above,Female,Non-URG,No,3,3,3,3,4,2,1,0,1
Winter23,ICS32,Winter23_ICS32_231,A+,bm_above,Male,Non-URG,No,5,5,1,5,5,1,3,1,0
Winter23,ICS32,Winter23_ICS32_232,B+,bm_above,Male,URG,No,4,2,1,5,4,1,2,1,0
Winter23,ICS32,Winter23_ICS32_233,B+,bm_above,Female,Non-URG,Yes,3,4,3,2,3,0,2,1,1
Winter23,ICS32,Winter23_ICS32_234,B+,bm_above,Female,Non-URG,Yes,4,4,3,4,4,1,1,0,1
Winter23,ICS32,Winter23_ICS32_235,A+,bm_above,Female,Non-URG,No,4,4,3,5,3,0,2,1,1
Winter23,ICS32,Winter23_ICS32_236,A+,bm_above,Female,Non-URG,No,4,5,3,3,3,1,1,1,1
Winter23,ICS32,Winter23_ICS32_237,D-,cp_below_dropped,Male,Non-URG,No,1,1,0,3,1,0,0,0,1
Winter23,ICS32,Winter23_ICS32_238,A-,bm_above,Male,URG,Yes,1,2,3,5,2,2,1,1,1
Winter23,ICS32,Winter23_ICS32_239,F,cp_below_dropped,Male,URG,No,5,1,0,4,3,0,0,1,1
Winter23,ICS32,Winter23_ICS32_240,F,cp_below_dropped,Male,URG,Yes,2,3,0,3,4,1,1,1,1
Winter23,ICS32,Winter23_ICS32_241,C+,cp_below_dropped,Male,Non-URG,No,3,4,1,4,4,1,1,0,0
Winter23,ICS32,Winter23_ICS32_242,A,bm_above,Female,Non-URG,No,4,2,1,3,2,0,1,1,1
Winter23,ICS32,Winter23_ICS32_243,B-,bm_above,Male,URG,No,3,1,2,3,3,0,1,1,1
Winter23,ICS32,Winter23_ICS32_244,A,bm_above,Male,Non-URG,No,5,1,2,4,4,1,3,1,0
Winter23,ICS32,Winter23_ICS32_245,C+,cp_below_dropped,Female,URG,Yes,4,2,0,4,4,1,2,0,1
Winter23,ICS32,Winter23_ICS32_246,F,cp_below_dropped,Female,URG,No,2,2,0,3,2,0,1,1,1
Winter23,ICS32,Winter23_ICS32_247,A+,bm_above,Male,Non-URG,No,5,4,2,3,3,3,2,1,1
Winter23,ICS32,Winter23_ICS32_248,B,bm_above,Male,Non-URG,No,2,2,2,3,3,0,1,0,1
Winter23,ICS32,Winter23_ICS32_249,B,bm_above,Male,Non-URG,No,5,4,2,4,4,1,2,0,1
Winter23,ICS32,Winter23_ICS32_250,A+,bm_above,Female,Non-URG,No,4,4,2,4,4,2,1,1,1
Winter23,ICS32,Winter23_ICS32_251,C,cp_below_dropped,Male,Non-URG,Yes,4,2,3,4,4,1,1,0,0
Winter23,ICS32,Winter23_ICS32_252,A-,bm_above,Male,Non-URG,Yes,3,4,1,3,2,0,2,1,1
Winter23,ICS32,Winter23_ICS32_253,A,bm_above,Male,Non-URG,No,1,2,2,5,5,3,3,0,0
Winter23,ICS32,Winter23_ICS32_254,F,cp_below_dropped,Female,Non-URG,No,3,4,0,4,4,2,2,1,1
Winter23,ICS32,Winter23_ICS32_255,B-,bm_above,Female,Non-URG,Yes,3,3,2,3,3,0,1,1,1
Winter23,ICS32,Winter23_ICS32_256,F,cp_below_dropped,Male,Non-URG,No,4,2,2,4,5,3,2,1,0
Winter23,ICS32,Winter23_ICS32_257,A,bm_above,Female,Non-URG,Yes,3,2,3,4,5,2,1,1,1
Winter23,ICS32,Winter23_ICS32_258,F,cp_below_dropped,Female,Non-URG,No,1,3,0,3,3,2,1,1,1
Winter23,ICS32,Winter23_ICS32_259,F,cp_below_dropped,Male,Non-URG,Yes,1,5,1,4,3,1,1,1,0
Winter23,ICS32,Winter23_ICS32_260,A,bm_above,Male,Non-URG,No,5,4,3,5,1,2,3,1,1
Winter23,ICS32,Winter23_ICS32_261,B,bm_above,Male,Non-URG,Yes,4,2,4,3,2,0,1,1,1
Winter23,ICS32,Winter23_ICS32_262,A,bm_above,Male,Non-URG,No,4,5,1,5,4,0,2,0,0
Winter23,ICS32,Winter23_ICS32_263,A,bm_above,Male,Non-URG,No,3,3,3,3,4,0,1,1,1
Winter23,ICS32,Winter23_ICS32_264,A+,bm_above,Male,Non-URG,No,5,4,3,4,4,1,2,1,1
Winter23,ICS32,Winter23_ICS32_265,B-,bm_above,Male,Non-URG,No,4,3,2,5,5,1,3,1,1
Winter23,ICS32,Winter23_ICS32_266,A,bm_above,Male,Non-URG,No,4,5,3,5,5,4,3,1,1
Winter23,ICS32,Winter23_ICS32_267,F,cp_below_dropped,Male,URG,Yes,1,1,3,3,2,0,1,0,0
Winter23,ICS32,Winter23_ICS32_268,C,cp_below_dropped,Male,Non-URG,No,5,3,3,5,3,2,2,1,1
Winter23,ICS32,Winter23_ICS32_269,B+,bm_above,Male,Non-URG,No,4,4,3,3,5,0,2,0,1
Winter23,ICS32,Winter23_ICS32_270,A+,bm_above,Male,Non-URG,Yes,3,3,2,3,3,0,1,1,1
Winter23,ICS32,Winter23_ICS32_271,B,bm_above,Male,Non-URG,Yes,4,3,2,3,4,1,2,1,0
Winter23,ICS32,Winter23_ICS32_272,B,bm_above,Male,Non-URG,No,4,4,3,3,4,2,3,1,1
Winter23,ICS32,Winter23_ICS32_273,D,cp_below_dropped,Female,URG,Yes,1,2,0,5,1,0,1,0,0
Winter23,ICS32,Winter23_ICS32_274,Drop,cp_below_dropped,Male,URG,No,2,3,1,2,2,0,0,0,1
Winter23,ICS32,Winter23_ICS32_275,F,cp_below_dropped,Male,Non-URG,No,3,3,0,3,3,0,2,0,0
Winter23,ICS32,Winter23_ICS32_276,C-,cp_below_dropped,Female,URG,Yes,3,3,0,4,3,1,1,0,1
Winter23,ICS32,Winter23_ICS32_277,C+,cp_below_dropped,Male,Non-URG,Yes,1,1,1,5,5,3,2,0,0
Winter23,ICS32,Winter23_ICS32_278,B-,bm_above,Male,Non-URG,No,3,2,1,3,2,0,1,1,1
Winter23,ICS32,Winter23_ICS32_279,B+,bm_above,Male,Non-URG,No,1,3,0,3,3,2,1,1,0
Winter23,ICS32,Winter23_ICS32_280,B,bm_above,Female,URG,Yes,2,3,0,3,1,0,0,1,0
Winter23,ICS32,Winter23_ICS32_281,C+,cp_below_dropped,Male,Non-URG,No,2,1,1,5,5,0,3,1,1
Winter23,ICS32,Winter23_ICS32_282,B+,bm_above,Male,URG,Yes,1,5,2,5,5,0,3,0,0
Winter23,ICS32,Winter23_ICS32_283,C,cp_below_dropped,Male,Non-URG,Yes,4,3,2,5,5,0,0,0,0
Winter23,ICS32,Winter23_ICS32_284,C,cp_below_dropped,Female,Non-URG,Yes,5,5,3,4,2,0,3,0,1
Winter23,ICS32,Winter23_ICS32_285,B-,bm_above,Female,Non-URG,No,5,5,2,5,4,2,3,1,1
Winter23,ICS32,Winter23_ICS32_286,C+,cp_below_dropped,Male,Non-URG,No,4,2,3,3,2,1,1,1,1
Winter23,ICS32,Winter23_ICS32_287,C,cp_below_dropped,Male,Non-URG,No,2,3,2,4,2,0,2,0,0
Winter23,ICS32,Winter23_ICS32_288,B-,bm_above,Male,Non-URG,No,3,1,1,4,5,1,2,1,1
Winter23,ICS32,Winter23_ICS32_289,D,cp_below_dropped,Male,URG,No,5,2,1,5,5,0,3,1,1
Winter23,ICS32,Winter23_ICS32_290,B-,bm_above,Male,Non-URG,Yes,3,3,3,3,3,1,0,0,0
Winter23,ICS32,Winter23_ICS32_291,B-,bm_above,Male,URG,Yes,5,1,0,4,4,0,2,0,0
Winter23,ICS32,Winter23_ICS32_292,B-,bm_above,Female,Non-URG,No,2,3,1,4,4,1,1,1,1
Winter23,ICS32,Winter23_ICS32_293,C+,cp_below_dropped,Male,URG,No,1,4,2,5,5,3,2,1,1
Winter23,ICS32,Winter23_ICS32_294,C+,cp_below_dropped,Male,Non-URG,Yes,4,2,3,3,4,0,0,0,1
Winter23,ICS32,Winter23_ICS32_295,A-,bm_above,Male,Non-URG,Yes,5,2,1,4,5,1,2,1,1
Winter23,ICS32,Winter23_ICS32_296,A+,bm_above,Male,Non-URG,No,4,5,2,4,4,1,3,1,0
Winter23,ICS32,Winter23_ICS32_297,A-,bm_above,Male,Non-URG,No,4,4,1,5,4,1,2,1,1
Winter23,ICS32,Winter23_ICS32_298,B,bm_above,Male,URG,No,3,4,1,4,4,1,2,1,1
Winter23,ICS32,Winter23_ICS32_299,A,bm_above,Female,URG,Yes,3,1,0,2,2,0,1,0,1
Winter23,ICS32,Winter23_ICS32_300,A-,bm_above,Male,Non-URG,Yes,5,1,0,5,4,1,3,1,1
Winter23,ICS32,Winter23_ICS32_301,B+,bm_above,Male,URG,Yes,5,2,3,5,5,1,3,1,1
Winter23,ICS32,Winter23_ICS32_302,B+,bm_above,Female,Non-URG,Yes,3,3,4,4,3,1,2,1,1
Winter23,ICS32,Winter23_ICS32_303,B-,bm_above,Female,Non-URG,No,5,2,1,2,3,2,2,1,1
Winter23,ICS32,Winter23_ICS32_304,D,cp_below_dropped,Female,Non-URG,Yes,3,2,0,2,2,0,0,1,1
Winter23,ICS32,Winter23_ICS32_305,Drop,cp_below_dropped,Male,Non-URG,No,2,2,1,4,2,0,2,0,0
Winter23,ICS32,Winter23_ICS32_306,B+,bm_above,Male,Non-URG,No,5,5,0,4,4,0,1,1,0
Winter23,ICS32,Winter23_ICS32_307,F,cp_below_dropped,Male,Non-URG,No,4,4,3,3,2,0,2,1,1
Spring23,ICS32,Spring23_ICS32_0,B,bm_above,Female,URG,No,1,3,3,5,1,0,3,1,1
Spring23,ICS32,Spring23_ICS32_1,A+,bm_above,Male,Non-URG,No,4,1,3,4,3,2,2,1,1
Spring23,ICS32,Spring23_ICS32_2,B,bm_above,Female,URG,No,2,3,0,3,4,0,1,0,0
Spring23,ICS32,Spring23_ICS32_3,"",cp_below_dropped,Female,Non-URG,No,5,3,0,4,4,0,3,1,1
Spring23,ICS32,Spring23_ICS32_4,F,cp_below_dropped,Female,Non-URG,Yes,2,5,3,4,4,0,2,0,0
Spring23,ICS32,Spring23_ICS32_5,A+,bm_above,Male,Non-URG,No,5,5,1,4,4,1,3,1,1
Spring23,ICS32,Spring23_ICS32_6,C-,cp_below_dropped,Female,Non-URG,No,1,1,0,2,1,2,2,0,1
Spring23,ICS32,Spring23_ICS32_7,A+,bm_above,Female,Non-URG,No,5,4,2,4,4,1,2,1,1
Spring23,ICS32,Spring23_ICS32_8,A-,bm_above,Female,Non-URG,Yes,1,2,0,4,4,1,2,0,0
Spring23,ICS32,Spring23_ICS32_9,A+,bm_above,Male,Non-URG,No,4,4,3,3,3,0,2,0,0
Spring23,ICS32,Spring23_ICS32_10,A+,bm_above,Male,Non-URG,No,3,2,3,3,1,3,2,1,1
Spring23,ICS32,Spring23_ICS32_11,A+,bm_above,Female,Non-URG,Yes,5,4,2,3,3,3,2,1,1
Spring23,ICS32,Spring23_ICS32_12,B+,bm_above,Female,Non-URG,No,1,2,3,5,3,0,2,1,1
Spring23,ICS32,Spring23_ICS32_13,A+,bm_above,Female,Non-URG,No,4,4,3,3,3,0,3,1,0
Spring23,ICS32,Spring23_ICS32_14,A+,bm_above,Male,Non-URG,No,5,5,2,3,5,2,2,1,1
Spring23,ICS32,Spring23_ICS32_15,A+,bm_above,Male,Non-URG,No,5,2,2,4,2,2,3,0,1
Spring23,ICS32,Spring23_ICS32_16,A+,bm_above,Male,Non-URG,No,5,5,2,3,5,0,2,0,1
Spring23,ICS32,Spring23_ICS32_17,A+,bm_above,Male,Non-URG,No,4,2,1,4,4,2,2,1,0
Spring23,ICS32,Spring23_ICS32_18,A+,bm_above,Male,Non-URG,No,2,4,0,4,4,0,1,1,1
Spring23,ICS32,Spring23_ICS32_19,A,bm_above,Female,Non-URG,Yes,3,4,3,4,4,0,2,1,1
Spring23,ICS32,Spring23_ICS32_20,NP,cp_below_dropped,Female,Non-URG,No,5,3,3,2,2,2,0,1,1
Spring23,ICS32,Spring23_ICS32_21,A-,bm_above,Male,Non-URG,Yes,2,4,0,3,3,2,2,1,0
Spring23,ICS32,Spring23_ICS32_22,A+,bm_above,Female,Non-URG,No,4,4,3,4,4,1,2,1,1
Spring23,ICS32,Spring23_ICS32_23,A+,bm_above,Female,Non-URG,No,3,5,4,2,2,0,3,0,0
Spring23,ICS32,Spring23_ICS32_24,A+,bm_above,Male,Non-URG,No,5,5,3,5,4,1,3,1,1
Spring23,ICS32,Spring23_ICS32_25,A+,bm_above,Male,URG,Yes,1,3,3,4,4,0,2,0,0
Spring23,ICS32,Spring23_ICS32_26,C+,cp_below_dropped,Male,Non-URG,No,3,1,0,3,3,1,2,1,1
Spring23,ICS32,Spring23_ICS32_27,A+,bm_above,Male,Non-URG,Yes,4,5,2,2,2,0,2,0,1
Spring23,ICS32,Spring23_ICS32_28,A+,bm_above,Female,Non-URG,No,3,4,2,3,5,1,3,1,0
Spring23,ICS32,Spring23_ICS32_29,B+,bm_above,Female,Non-URG,Yes,2,5,3,1,3,0,1,0,0
Spring23,ICS32,Spring23_ICS32_30,A+,bm_above,Female,URG,Yes,3,5,0,4,5,1,1,1,1
Spring23,ICS32,Spring23_ICS32_31,A+,bm_above,Female,Non-URG,No,4,4,2,4,3,0,2,0,0
Spring23,ICS32,Spring23_ICS32_32,A+,bm_above,Male,URG,No,4,4,0,1,3,0,3,0,1
Spring23,ICS32,Spring23_ICS32_33,A+,bm_above,Male,Non-URG,No,3,5,1,3,3,1,3,0,0
Spring23,ICS32,Spring23_ICS32_34,A+,bm_above,Female,Non-URG,Yes,3,4,0,4,3,0,2,0,1
Spring23,ICS32,Spring23_ICS32_35,B+,bm_above,Female,Non-URG,No,3,3,1,4,3,0,2,1,1
Spring23,ICS32,Spring23_ICS32_36,A+,bm_above,Male,Non-URG,No,5,2,3,5,4,3,3,1,1
Spring23,ICS32,Spring23_ICS32_37,A+,bm_above,Female,Non-URG,No,2,5,3,4,5,0,2,0,0
Spring23,ICS32,Spring23_ICS32_38,B+,bm_above,Male,Non-URG,No,2,3,0,3,3,0,2,1,0
Spring23,ICS32,Spring23_ICS32_39,A+,bm_above,Female,Non-URG,Yes,4,4,3,4,4,0,3,1,1
Spring23,ICS32,Spring23_ICS32_40,A+,bm_above,Male,Non-URG,No,5,4,3,4,3,1,3,1,1
Spring23,ICS32,Spring23_ICS32_41,A+,bm_above,Female,Non-URG,No,5,4,4,3,3,1,2,1,1
Spring23,ICS32,Spring23_ICS32_42,A+,bm_above,Male,Non-URG,No,2,3,1,3,3,0,2,1,1
Spring23,ICS32,Spring23_ICS32_43,A+,bm_above,Male,Non-URG,No,5,5,3,4,3,2,2,1,1
Spring23,ICS32,Spring23_ICS32_44,B-,bm_above,Female,Non-URG,Yes,1,4,3,4,2,0,3,1,0
Spring23,ICS32,Spring23_ICS32_45,A+,bm_above,Female,Non-URG,No,5,1,1,5,1,2,1,1,1
Spring23,ICS32,Spring23_ICS32_46,B+,bm_above,Female,URG,No,4,4,0,1,2,0,2,1,0
Spring23,ICS32,Spring23_ICS32_47,A+,bm_above,Female,Non-URG,No,4,5,3,3,3,1,2,1,1
Spring23,ICS32,Spring23_ICS32_48,A+,bm_above,Male,Non-URG,No,3,4,2,4,4,0,1,1,1
Spring23,ICS32,Spring23_ICS32_49,A-,bm_above,Female,Non-URG,No,4,1,0,5,5,1,3,1,1
Spring23,ICS32,Spring23_ICS32_50,A-,bm_above,Female,Non-URG,No,4,3,2,4,5,0,2,1,1
Spring23,ICS32,Spring23_ICS32_51,A+,bm_above,Female,Non-URG,No,3,3,4,3,1,1,3,1,1
Spring23,ICS32,Spring23_ICS32_52,A+,bm_above,Male,Non-URG,No,3,2,1,4,2,0,2,1,1
Spring23,ICS32,Spring23_ICS32_53,A+,bm_above,Male,Non-URG,No,3,4,1,4,3,0,3,0,0
Spring23,ICS32,Spring23_ICS32_54,A+,bm_above,Male,Non-URG,No,4,4,0,4,2,0,3,0,1
Spring23,ICS32,Spring23_ICS32_55,B-,bm_above,Female,Non-URG,No,2,5,0,3,3,1,3,0,1
Spring23,ICS32,Spring23_ICS32_56,A,bm_above,Male,URG,Yes,3,4,0,3,4,0,2,1,0
Spring23,ICS32,Spring23_ICS32_57,A,bm_above,Male,URG,No,4,3,1,3,3,0,2,0,0
Spring23,ICS32,Spring23_ICS32_58,A+,bm_above,Male,Non-URG,No,5,4,2,5,5,0,2,1,1
Spring23,ICS32,Spring23_ICS32_59,F,cp_below_dropped,Female,Non-URG,Yes,3,3,0,3,3,0,1,1,0
Spring23,ICS32,Spring23_ICS32_60,A+,bm_above,Male,Non-URG,Yes,3,2,3,5,2,1,3,0,1
Spring23,ICS32,Spring23_ICS32_61,A+,bm_above,Male,Non-URG,Yes,3,4,1,4,3,1,2,0,0
Spring23,ICS32,Spring23_ICS32_62,A+,bm_above,Female,Non-URG,No,4,2,1,3,3,0,2,0,0
Spring23,ICS32,Spring23_ICS32_63,A+,bm_above,Male,Non-URG,Yes,3,3,3,3,3,0,1,0,1
Spring23,ICS32,Spring23_ICS32_64,A+,bm_above,Male,Non-URG,Yes,3,2,1,3,4,1,1,0,0
Spring23,ICS32,Spring23_ICS32_65,A+,bm_above,Male,Non-URG,No,3,3,1,3,3,1,1,1,0
Spring23,ICS32,Spring23_ICS32_66,"",cp_below_dropped,Female,URG,No,1,3,3,5,1,0,3,1,1
Spring23,ICS32,Spring23_ICS32_67,A+,bm_above,Female,Non-URG,No,3,3,3,3,3,1,3,0,1
Spring23,ICS32,Spring23_ICS32_68,NP,cp_below_dropped,Female,Non-URG,No,2,4,2,4,3,0,2,1,0
Spring23,ICS32,Spring23_ICS32_69,A+,bm_above,Male,Non-URG,No,3,4,2,3,3,0,3,1,0
Spring23,ICS32,Spring23_ICS32_70,A+,bm_above,Other,Non-URG,No,3,1,0,5,3,0,2,0,0
Spring23,ICS32,Spring23_ICS32_71,A+,bm_above,Female,Non-URG,No,5,4,3,4,3,3,2,1,1
Spring23,ICS32,Spring23_ICS32_72,A+,bm_above,Female,Non-URG,No,3,1,3,4,5,2,2,1,1
Spring23,ICS32,Spring23_ICS32_73,A-,bm_above,Male,Non-URG,No,1,3,3,4,3,2,1,1,1
Spring23,ICS32,Spring23_ICS32_74,A+,bm_above,Female,Non-URG,No,3,3,1,3,3,0,2,0,1
Spring23,ICS32,Spring23_ICS32_75,C,cp_below_dropped,Female,URG,No,1,4,0,3,5,0,3,1,0
Spring23,ICS32,Spring23_ICS32_76,A+,bm_above,Female,Non-URG,No,5,3,1,4,3,0,3,1,1
Spring23,ICS32,Spring23_ICS32_77,P,bm_above,Female,Non-URG,Yes,5,2,3,4,4,0,3,1,1
Spring23,ICS32,Spring23_ICS32_78,A,bm_above,Female,Non-URG,No,1,5,2,1,1,0,0,0,0
Spring23,ICS32,Spring23_ICS32_79,A+,bm_above,Female,Non-URG,No,2,5,1,4,3,0,2,1,0
Spring23,ICS32,Spring23_ICS32_80,A-,bm_above,Female,Non-URG,No,3,4,2,4,4,0,1,1,1
Spring23,ICS32,Spring23_ICS32_81,C,cp_below_dropped,Female,URG,Yes,4,1,2,5,3,0,1,1,1
Spring23,ICS32,Spring23_ICS32_82,B-,bm_above,Male,Non-URG,No,4,3,4,4,4,2,3,1,1
Spring23,ICS32,Spring23_ICS32_83,C+,cp_below_dropped,Male,Non-URG,Yes,2,2,0,4,2,0,2,0,1
Spring23,ICS32,Spring23_ICS32_84,A+,bm_above,Male,Non-URG,No,3,3,2,3,3,0,3,1,1
Spring23,ICS32,Spring23_ICS32_85,A,bm_above,Female,Non-URG,Yes,2,4,1,3,2,0,0,1,1
Spring23,ICS32,Spring23_ICS32_86,A,bm_above,Female,Non-URG,No,3,4,3,3,4,0,2,0,1
Spring23,ICS32,Spring23_ICS32_87,B-,bm_above,Male,URG,Yes,3,4,0,4,4,0,1,1,0
Spring23,ICS32,Spring23_ICS32_88,A+,bm_above,Female,Non-URG,No,2,2,0,3,3,1,2,1,1
Spring23,ICS32,Spring23_ICS32_89,A+,bm_above,Female,Non-URG,Yes,4,3,0,3,2,1,3,0,1
Spring23,ICS32,Spring23_ICS32_90,A+,bm_above,Male,Non-URG,No,4,3,0,3,3,0,2,1,1
Spring23,ICS32,Spring23_ICS32_91,A+,bm_above,Male,Non-URG,No,5,4,3,3,3,0,2,1,1
Spring23,ICS32,Spring23_ICS32_92,A,bm_above,Male,Non-URG,Yes,4,2,0,2,3,0,2,0,0
Spring23,ICS32,Spring23_ICS32_93,A+,bm_above,Male,Non-URG,No,4,5,3,5,1,1,3,1,1
Spring23,ICS32,Spring23_ICS32_94,A+,bm_above,Female,Non-URG,No,5,3,0,3,3,0,1,0,0
Spring23,ICS32,Spring23_ICS32_95,A+,bm_above,Male,Non-URG,Yes,5,5,3,3,3,1,3,0,0
Spring23,ICS32,Spring23_ICS32_96,"",cp_below_dropped,Male,Non-URG,Yes,3,2,1,3,2,1,1,1,1
Spring23,ICS32,Spring23_ICS32_97,A+,bm_above,Male,Non-URG,Yes,3,3,3,3,3,1,1,1,1
Spring23,ICS32,Spring23_ICS32_98,A,bm_above,Female,Non-URG,Yes,3,4,1,3,4,2,1,1,1
Spring23,ICS32,Spring23_ICS32_99,A+,bm_above,Male,Non-URG,Yes,5,3,3,4,3,1,2,1,1
Spring23,ICS32,Spring23_ICS32_100,NP,cp_below_dropped,Male,Non-URG,No,5,3,0,3,3,0,2,1,1
Spring23,ICS32,Spring23_ICS32_101,A+,bm_above,Male,Non-URG,No,2,3,4,3,3,0,2,1,1
Spring23,ICS32,Spring23_ICS32_102,A+,bm_above,Female,Non-URG,No,4,4,1,4,4,0,1,1,0
Spring23,ICS32,Spring23_ICS32_103,A-,bm_above,Male,Non-URG,No,1,5,1,4,4,0,2,0,1
Spring23,ICS32,Spring23_ICS32_104,B+,bm_above,Female,URG,Yes,1,5,3,2,2,0,1,0,0
Spring23,ICS32,Spring23_ICS32_105,B-,bm_above,Male,Non-URG,Yes,1,2,3,5,3,2,0,0,0
Fall23,ICS32,Fall23_ICS32_0,B,bm_above,Male,Non-URG,No,4,4,1,3,3,0,2,1,1
Fall23,ICS32,Fall23_ICS32_1,B-,bm_above,Female,Non-URG,Yes,3,4,3,5,5,0,2,1,0
Fall23,ICS32,Fall23_ICS32_2,A+,bm_above,Male,Non-URG,No,3,4,3,4,4,2,2,0,1
Fall23,ICS32,Fall23_ICS32_3,A+,bm_above,Female,Non-URG,No,5,4,3,5,5,3,3,1,1
Fall23,ICS32,Fall23_ICS32_4,A+,bm_above,Male,Non-URG,No,4,4,3,5,4,1,1,1,1
Fall23,ICS32,Fall23_ICS32_5,A+,bm_above,Male,Non-URG,No,2,4,1,5,5,2,1,0,1
Fall23,ICS32,Fall23_ICS32_6,A+,bm_above,Female,Non-URG,No,2,5,1,4,5,0,3,0,0
Fall23,ICS32,Fall23_ICS32_7,A+,bm_above,Male,Non-URG,No,5,5,3,4,3,3,3,0,1
Fall23,ICS32,Fall23_ICS32_8,C,cp_below_dropped,Male,Non-URG,No,3,3,3,3,2,0,3,0,1
Fall23,ICS32,Fall23_ICS32_9,A+,bm_above,Male,Non-URG,No,4,3,0,4,3,0,1,1,1
Fall23,ICS32,Fall23_ICS32_10,B+,bm_above,Female,Non-URG,No,4,2,3,2,2,2,2,0,0
Fall23,ICS32,Fall23_ICS32_11,A-,bm_above,Female,Non-URG,No,4,4,4,5,5,1,2,1,0
Fall23,ICS32,Fall23_ICS32_12,B+,bm_above,Male,URG,No,2,3,3,1,1,0,1,0,1
Fall23,ICS32,Fall23_ICS32_13,"",cp_below_dropped,Female,URG,No,3,3,0,3,3,0,0,0,1
Fall23,ICS32,Fall23_ICS32_14,A+,bm_above,Male,Non-URG,No,1,4,0,3,4,1,2,1,1
Fall23,ICS32,Fall23_ICS32_15,"",cp_below_dropped,Male,Non-URG,No,5,5,1,5,5,1,3,1,1
Fall23,ICS32,Fall23_ICS32_16,A,bm_above,Female,Non-URG,Yes,1,4,3,1,2,0,0,0,1
Fall23,ICS32,Fall23_ICS32_17,"",cp_below_dropped,Male,Non-URG,No,3,4,0,3,2,1,1,0,0
Fall23,ICS32,Fall23_ICS32_18,"",cp_below_dropped,Female,Non-URG,No,2,3,3,3,4,3,2,0,1
Fall23,ICS32,Fall23_ICS32_19,B+,bm_above,Female,Non-URG,Yes,2,2,3,4,2,1,2,1,1
Fall23,ICS32,Fall23_ICS32_20,A+,bm_above,Male,Non-URG,No,4,5,3,3,3,0,3,0,0
Fall23,ICS32,Fall23_ICS32_21,"",cp_below_dropped,Male,Non-URG,No,5,3,3,3,3,3,1,1,1
Fall23,ICS32,Fall23_ICS32_22,A+,bm_above,Female,Non-URG,No,3,4,2,5,5,1,2,1,1
Fall23,ICS32,Fall23_ICS32_23,B,bm_above,Male,URG,No,3,2,0,3,3,0,2,1,1
Fall23,ICS32,Fall23_ICS32_24,A-,bm_above,Female,Non-URG,No,3,4,3,5,1,3,3,1,1
Fall23,ICS32,Fall23_ICS32_25,"",cp_below_dropped,Female,Non-URG,No,3,4,1,3,2,0,0,0,0
Fall23,ICS32,Fall23_ICS32_26,A+,bm_above,Male,Non-URG,Yes,5,3,1,4,4,1,3,0,1
Fall23,ICS32,Fall23_ICS32_27,B,bm_above,Female,URG,Yes,5,4,0,5,4,1,3,1,1
Fall23,ICS32,Fall23_ICS32_28,A,bm_above,Male,Non-URG,Yes,3,5,2,5,3,0,1,0,1
Fall23,ICS32,Fall23_ICS32_29,B+,bm_above,Female,URG,No,1,4,3,1,4,2,2,1,0
Fall23,ICS32,Fall23_ICS32_30,B,bm_above,Female,Non-URG,No,2,3,2,2,2,0,0,0,0
Fall23,ICS32,Fall23_ICS32_31,A,bm_above,Female,Non-URG,Yes,3,2,0,3,3,0,2,1,1
Fall23,ICS32,Fall23_ICS32_32,A+,bm_above,Female,Non-URG,No,5,5,3,4,5,0,2,1,1
Fall23,ICS32,Fall23_ICS32_33,"",cp_below_dropped,Male,Non-URG,No,5,5,2,5,5,3,2,0,1
Fall23,ICS32,Fall23_ICS32_34,"",cp_below_dropped,Female,URG,Yes,4,3,0,5,5,0,2,1,0
Fall23,ICS32,Fall23_ICS32_35,A+,bm_above,Male,Non-URG,No,4,4,4,4,4,1,3,1,1
Fall23,ICS32,Fall23_ICS32_36,A-,bm_above,Male,URG,No,5,5,0,5,5,0,3,1,1
Fall23,ICS32,Fall23_ICS32_37,A+,bm_above,Female,Non-URG,No,2,5,1,5,2,2,2,1,1
Fall23,ICS32,Fall23_ICS32_38,A,bm_above,Male,Non-URG,Yes,3,1,3,4,5,0,2,1,1
Fall23,ICS32,Fall23_ICS32_39,A+,bm_above,Male,Non-URG,No,1,4,3,2,3,2,3,0,1
Fall23,ICS32,Fall23_ICS32_40,C,cp_below_dropped,Male,Non-URG,No,3,4,2,3,1,2,2,1,1
Fall23,ICS32,Fall23_ICS32_41,A+,bm_above,Male,Non-URG,No,3,3,3,4,3,0,3,0,1
Fall23,ICS32,Fall23_ICS32_42,A+,bm_above,Male,Non-URG,No,3,3,3,3,3,0,0,0,1
Fall23,ICS32,Fall23_ICS32_43,B+,bm_above,Female,Non-URG,No,3,5,2,2,2,0,2,0,1
Fall23,ICS32,Fall23_ICS32_44,A+,bm_above,Male,Non-URG,No,5,5,3,4,4,1,3,1,0
Fall23,ICS32,Fall23_ICS32_45,A+,bm_above,Female,URG,Yes,3,3,3,5,5,1,2,1,0
Fall23,ICS32,Fall23_ICS32_46,A+,bm_above,Male,Non-URG,Yes,1,2,0,4,2,0,3,1,1
Fall23,ICS32,Fall23_ICS32_47,A+,bm_above,Female,Non-URG,No,4,5,2,4,4,1,2,1,1
Fall23,ICS32,Fall23_ICS32_48,A+,bm_above,Male,Non-URG,No,4,4,3,5,1,1,3,1,1
Fall23,ICS32,Fall23_ICS32_49,B+,bm_above,Female,Non-URG,No,4,4,3,3,4,0,2,1,0
Fall23,ICS32,Fall23_ICS32_50,B+,bm_above,Male,URG,Yes,2,2,1,4,4,2,3,1,1
Fall23,ICS32,Fall23_ICS32_51,"",cp_below_dropped,Male,Non-URG,No,4,2,3,4,2,4,3,1,1
Fall23,ICS32,Fall23_ICS32_52,A-,bm_above,Male,URG,No,3,2,1,3,2,1,2,0,1
Fall23,ICS32,Fall23_ICS32_53,A,bm_above,Male,Non-URG,Yes,3,3,0,3,3,0,1,1,0
Fall23,ICS32,Fall23_ICS32_54,A+,bm_above,Male,Non-URG,Yes,2,2,1,3,2,1,1,0,0
Fall23,ICS32,Fall23_ICS32_55,A+,bm_above,Female,Non-URG,No,4,3,1,4,4,0,3,1,1
Fall23,ICS32,Fall23_ICS32_56,B+,bm_above,Female,Non-URG,No,4,2,4,4,3,0,2,1,1
Fall23,ICS32,Fall23_ICS32_57,"",cp_below_dropped,Male,URG,Yes,2,4,4,3,3,1,1,0,0
Fall23,ICS32,Fall23_ICS32_58,A+,bm_above,Male,Non-URG,No,5,5,0,5,5,3,3,1,1
Fall23,ICS32,Fall23_ICS32_59,"",cp_below_dropped,Female,URG,Yes,2,2,0,4,3,0,1,1,0
Fall23,ICS32,Fall23_ICS32_60,A+,bm_above,Female,Non-URG,No,1,4,3,4,3,0,2,1,1
Fall23,ICS32,Fall23_ICS32_61,A+,bm_above,Male,Non-URG,Yes,3,3,3,3,3,3,1,0,1
Fall23,ICS32,Fall23_ICS32_62,A+,bm_above,Male,Non-URG,No,4,5,3,5,2,3,3,1,1
Fall23,ICS32,Fall23_ICS32_63,B+,bm_above,Male,Non-URG,No,3,5,3,1,5,0,2,0,0
Fall23,ICS32,Fall23_ICS32_64,A,bm_above,Male,Non-URG,No,4,2,4,3,3,0,2,1,1
Fall23,ICS32,Fall23_ICS32_65,C+,cp_below_dropped,Male,Non-URG,No,5,5,3,4,4,0,3,0,1
Fall23,ICS32,Fall23_ICS32_66,"",cp_below_dropped,Male,Non-URG,No,4,5,3,5,5,3,3,1,1
Fall23,ICS32,Fall23_ICS32_67,"",cp_below_dropped,Male,Non-URG,Yes,3,2,1,2,2,0,1,1,0
Fall23,ICS32,Fall23_ICS32_68,A+,bm_above,Male,Non-URG,No,5,3,4,4,5,4,2,1,1
Fall23,ICS32,Fall23_ICS32_69,A+,bm_above,Male,Non-URG,No,3,5,1,4,2,2,3,1,1
Fall23,ICS32,Fall23_ICS32_70,A+,bm_above,Female,Non-URG,No,4,4,1,5,5,1,3,1,1
Fall23,ICS32,Fall23_ICS32_71,A+,bm_above,Female,Non-URG,No,1,5,0,5,3,0,3,0,1
Fall23,ICS32,Fall23_ICS32_72,A+,bm_above,Male,Non-URG,No,2,2,0,4,4,0,3,0,1
Fall23,ICS32,Fall23_ICS32_73,A+,bm_above,Male,Non-URG,No,5,3,1,4,5,2,2,0,0
Fall23,ICS32,Fall23_ICS32_74,"",cp_below_dropped,Female,Non-URG,No,2,2,4,4,2,1,2,0,0
Fall23,ICS32,Fall23_ICS32_75,A+,bm_above,Male,Non-URG,No,5,4,3,4,1,1,3,1,0
Fall23,ICS32,Fall23_ICS32_76,F,cp_below_dropped,Female,URG,No,5,4,3,3,5,0,2,0,1
Fall23,ICS32,Fall23_ICS32_77,"",cp_below_dropped,Male,Non-URG,No,5,2,1,5,3,1,3,1,1
Fall23,ICS32,Fall23_ICS32_78,C,cp_below_dropped,Male,URG,Yes,4,2,0,5,1,0,2,1,1
Fall23,ICS32,Fall23_ICS32_79,A+,bm_above,Male,Non-URG,No,2,5,3,3,3,1,3,0,0
Fall23,ICS32,Fall23_ICS32_80,"",cp_below_dropped,Female,Non-URG,No,4,2,2,3,3,0,1,0,0
Fall23,ICS32,Fall23_ICS32_81,"",cp_below_dropped,Male,Non-URG,No,3,3,3,3,3,1,3,0,0
Fall23,ICS32,Fall23_ICS32_82,A+,bm_above,Male,Non-URG,No,3,5,2,4,3,1,3,1,1
Fall23,ICS32,Fall23_ICS32_83,A+,bm_above,Male,Non-URG,No,1,5,3,5,1,1,2,0,0
Fall23,ICS32,Fall23_ICS32_84,"",cp_below_dropped,Male,Non-URG,No,4,4,2,4,4,3,2,1,0
Fall23,ICS32,Fall23_ICS32_85,A-,bm_above,Female,Non-URG,Yes,4,4,0,3,4,0,2,1,1
Fall23,ICS32,Fall23_ICS32_86,A+,bm_above,Male,Non-URG,No,4,4,2,2,3,0,3,0,0
Fall23,ICS32,Fall23_ICS32_87,"",cp_below_dropped,Male,Non-URG,No,5,1,3,5,3,1,3,1,0
Fall23,ICS32,Fall23_ICS32_88,B-,bm_above,Female,Non-URG,No,4,4,1,3,4,0,0,0,1
Fall23,ICS32,Fall23_ICS32_89,"",cp_below_dropped,Male,Non-URG,No,4,4,3,4,4,2,2,1,1
Fall23,ICS32,Fall23_ICS32_90,B-,bm_above,Male,Non-URG,No,5,4,3,4,4,2,3,1,0
Fall23,ICS32,Fall23_ICS32_91,"",cp_below_dropped,Male,URG,Yes,4,4,3,5,4,2,3,1,0
Fall23,ICS32,Fall23_ICS32_92,"",cp_below_dropped,Male,Non-URG,No,2,3,2,5,1,2,3,1,0
Fall23,ICS32,Fall23_ICS32_93,"",cp_below_dropped,Female,Non-URG,Yes,4,5,4,1,3,1,0,0,0
Fall23,ICS32,Fall23_ICS32_94,B+,bm_above,Male,Non-URG,Yes,4,2,2,4,3,0,1,0,1
Fall23,ICS32,Fall23_ICS32_95,"",cp_below_dropped,Female,Non-URG,No,2,5,0,5,5,2,1,1,1
Fall23,ICS32,Fall23_ICS32_96,B-,bm_above,Female,URG,Yes,2,2,0,3,5,1,2,1,1
Fall23,ICS32,Fall23_ICS32_97,A+,bm_above,Male,URG,No,3,2,0,4,1,2,2,1,0
Fall23,ICS32,Fall23_ICS32_98,A+,bm_above,Male,Non-URG,No,4,2,3,5,5,2,3,0,1
Fall23,ICS32,Fall23_ICS32_99,A+,bm_above,Male,Non-URG,No,5,5,3,4,2,1,3,0,1
Fall23,ICS32,Fall23_ICS32_100,A+,bm_above,Male,Non-URG,No,5,5,2,5,5,3,3,0,0
Fall23,ICS32,Fall23_ICS32_101,C-,cp_below_dropped,Female,URG,Yes,3,2,0,3,2,0,3,1,1
Fall23,ICS32,Fall23_ICS32_102,A+,bm_above,Female,Non-URG,No,5,5,1,1,5,1,3,1,1
Fall23,ICS32,Fall23_ICS32_103,A+,bm_above,Other,Non-URG,No,4,2,2,1,2,1,0,0,1
Fall23,ICS32,Fall23_ICS32_104,A,bm_above,Female,Non-URG,Yes,3,4,3,3,3,0,2,1,0
Fall23,ICS32,Fall23_ICS32_105,A+,bm_above,Female,Non-URG,No,4,4,1,3,3,0,2,0,1
Fall23,ICS32,Fall23_ICS32_106,"",cp_below_dropped,Male,URG,Yes,2,2,3,4,2,0,2,0,0
Fall23,ICS32,Fall23_ICS32_107,A,bm_above,Female,URG,No,2,3,0,2,1,0,2,0,1
Fall23,ICS32,Fall23_ICS32_108,"",cp_below_dropped,Female,Non-URG,No,2,3,1,4,3,2,1,0,0
Fall23,ICS32,Fall23_ICS32_109,A-,bm_above,Male,Non-URG,No,5,3,3,3,2,2,3,1,0
Fall23,ICS32,Fall23_ICS32_110,B,bm_above,Male,URG,No,5,4,2,3,2,0,2,1,0
Fall23,ICS32,Fall23_ICS32_111,A+,bm_above,Male,Non-URG,No,5,4,3,4,4,3,2,1,1
Fall23,ICS32,Fall23_ICS32_112,A-,bm_above,Male,Non-URG,No,2,2,2,4,4,1,3,1,0
Fall23,ICS32,Fall23_ICS32_113,"",cp_below_dropped,Male,Non-URG,No,5,5,3,4,3,1,3,0,0
Fall23,ICS32,Fall23_ICS32_114,"",cp_below_dropped,Male,Non-URG,No,3,3,3,5,2,2,3,0,1
Fall23,ICS32,Fall23_ICS32_115,A,bm_above,Male,Non-URG,No,4,5,1,2,4,0,1,1,1
Fall23,ICS32,Fall23_ICS32_116,"",cp_below_dropped,Male,Non-URG,No,3,3,1,3,3,0,0,0,1
Fall23,ICS32,Fall23_ICS32_117,"",cp_below_dropped,Male,Non-URG,No,4,2,0,3,4,0,2,1,1
Fall23,ICS32,Fall23_ICS32_118,"",cp_below_dropped,Male,Non-URG,No,5,3,3,4,5,3,3,1,1
Fall23,ICS32,Fall23_ICS32_119,B,bm_above,Male,Non-URG,No,3,2,1,4,4,4,2,1,1
Fall23,ICS32,Fall23_ICS32_120,A+,bm_above,Female,Non-URG,No,3,2,1,4,3,0,2,0,1
Fall23,ICS32,Fall23_ICS32_121,A+,bm_above,Male,Non-URG,No,5,4,3,5,5,3,3,0,1
Fall23,ICS32,Fall23_ICS32_122,A+,bm_above,Female,Non-URG,No,4,5,3,3,3,3,2,1,1
Fall23,ICS32,Fall23_ICS32_123,A+,bm_above,Male,Non-URG,No,4,3,3,3,4,4,2,1,1
Fall23,ICS32,Fall23_ICS32_124,F,cp_below_dropped,Female,URG,No,1,3,0,3,2,0,2,0,0
Fall23,ICS32,Fall23_ICS32_125,B,bm_above,Male,Non-URG,No,5,3,3,3,3,3,2,0,0
Fall23,ICS32,Fall23_ICS32_126,"",cp_below_dropped,Male,URG,Yes,3,4,0,3,3,0,1,1,1
Fall23,ICS32,Fall23_ICS32_127,A-,bm_above,Male,URG,No,1,2,0,4,4,0,2,1,0
Fall23,ICS32A,Fall23_ICS32A_0,A-,bm_above,Male,Non-URG,No,4,5,3,4,2,2,3,0,1
Fall23,ICS32A,Fall23_ICS32A_1,"",cp_below_dropped,Male,URG,Yes,5,4,2,4,5,2,3,1,1
Fall23,ICS32A,Fall23_ICS32A_2,C,cp_below_dropped,Male,Non-URG,No,1,4,3,4,3,1,2,0,1
Fall23,ICS32A,Fall23_ICS32A_3,A,bm_above,Male,URG,No,5,5,3,3,5,2,2,0,1
Fall23,ICS32A,Fall23_ICS32A_4,A,bm_above,Male,Non-URG,No,5,4,3,4,5,3,2,1,1
Fall23,ICS32A,Fall23_ICS32A_5,A-,bm_above,Male,Non-URG,No,5,5,3,5,5,1,3,1,1
Fall23,ICS32A,Fall23_ICS32A_6,C+,cp_below_dropped,Male,Non-URG,No,5,2,3,5,5,1,3,0,0
Fall23,ICS32A,Fall23_ICS32A_7,B+,bm_above,Female,Non-URG,No,3,4,3,4,4,4,2,1,1
Fall23,ICS32A,Fall23_ICS32A_8,B+,bm_above,Male,Non-URG,No,5,2,3,5,4,2,3,1,1
Fall23,ICS32A,Fall23_ICS32A_9,B,bm_above,Male,URG,No,3,4,3,5,5,3,3,1,1
Fall23,ICS32A,Fall23_ICS32A_10,B+,bm_above,Male,Non-URG,No,5,4,3,4,5,3,3,1,1
Fall23,ICS32A,Fall23_ICS32A_11,B,bm_above,Male,Non-URG,No,5,5,2,4,4,3,3,1,1
Fall23,ICS32A,Fall23_ICS32A_12,B+,bm_above,Male,Non-URG,No,3,5,4,5,2,2,2,1,1
Fall23,ICS32A,Fall23_ICS32A_13,B,bm_above,Female,Non-URG,No,3,5,3,5,2,1,2,1,1
Fall23,ICS32A,Fall23_ICS32A_14,B,bm_above,Male,Non-URG,No,5,4,3,5,5,3,3,1,1
Fall23,ICS32A,Fall23_ICS32A_15,D+,cp_below_dropped,Male,Non-URG,No,3,3,1,5,4,4,2,1,1
Fall23,ICS32A,Fall23_ICS32A_16,B-,bm_above,Male,Non-URG,No,5,4,3,5,5,3,2,1,1
Fall23,ICS32A,Fall23_ICS32A_17,A-,bm_above,Male,Non-URG,No,5,5,3,5,2,1,3,1,1
Fall23,ICS32A,Fall23_ICS32A_18,F,cp_below_dropped,Female,Non-URG,No,3,4,0,4,4,3,1,1,0
Fall23,ICS32A,Fall23_ICS32A_19,A-,bm_above,Male,Non-URG,No,5,5,3,5,4,1,3,1,0
Fall23,ICS32A,Fall23_ICS32A_20,B,bm_above,Male,Non-URG,No,5,1,3,2,4,2,3,1,1
Fall23,ICS32A,Fall23_ICS32A_21,D-,cp_below_dropped,Male,Non-URG,No,5,1,3,5,5,3,1,1,1
Fall23,ICS32A,Fall23_ICS32A_22,B+,bm_above,Male,Non-URG,No,4,4,3,5,5,2,3,0,0
Fall23,ICS32A,Fall23_ICS32A_23,B,bm_above,Male,Non-URG,No,4,2,2,4,4,2,2,1,1
Fall23,ICS32A,Fall23_ICS32A_24,A-,bm_above,Male,Non-URG,No,5,4,3,3,5,4,3,1,1
Fall23,ICS32A,Fall23_ICS32A_25,A-,bm_above,Female,Non-URG,No,4,4,3,5,5,2,3,1,1
Fall23,ICS32A,Fall23_ICS32A_26,B-,bm_above,Male,Non-URG,No,4,4,3,4,2,3,3,1,1
Fall23,ICS32A,Fall23_ICS32A_27,B,bm_above,Female,Non-URG,Yes,3,3,3,5,4,2,2,1,0
Fall23,ICS32A,Fall23_ICS32A_28,B,bm_above,Male,Non-URG,No,3,2,3,2,2,2,2,1,1
Fall23,ICS32A,Fall23_ICS32A_29,B+,bm_above,Female,Non-URG,No,4,4,3,5,5,2,2,1,1
Fall23,ICS32A,Fall23_ICS32A_30,A-,bm_above,Male,Non-URG,No,4,4,3,4,4,2,2,1,1
Fall23,ICS32A,Fall23_ICS32A_31,A-,bm_above,Other,Non-URG,No,1,4,3,3,4,4,2,0,1
Fall23,ICS32A,Fall23_ICS32A_32,A,bm_above,Male,Non-URG,No,4,4,3,5,5,3,3,1,1
Fall23,ICS32A,Fall23_ICS32A_33,C+,cp_below_dropped,Female,Non-URG,No,5,5,3,3,4,2,3,1,1
Fall23,ICS32A,Fall23_ICS32A_34,C+,cp_below_dropped,Male,URG,No,4,2,3,4,5,2,2,1,1
Fall23,ICS32A,Fall23_ICS32A_35,C,cp_below_dropped,Male,Non-URG,Yes,4,5,0,5,5,2,2,1,1
Fall23,ICS32A,Fall23_ICS32A_36,A-,bm_above,Male,Non-URG,No,5,4,3,4,4,2,3,1,1
Fall23,ICS32A,Fall23_ICS32A_37,A-,bm_above,Male,Non-URG,No,5,4,3,4,5,3,3,1,1
Fall23,ICS32A,Fall23_ICS32A_38,A-,bm_above,Male,Non-URG,No,5,3,3,4,4,3,2,1,1
Fall23,ICS32A,Fall23_ICS32A_39,A,bm_above,Male,Non-URG,No,5,5,3,5,5,2,3,1,1
Fall23,ICS32A,Fall23_ICS32A_40,B,bm_above,Male,Non-URG,No,5,2,1,4,5,2,2,1,1
Fall23,ICS32A,Fall23_ICS32A_41,B+,bm_above,Male,Non-URG,No,5,3,1,5,5,1,3,0,1
Fall23,ICS32A,Fall23_ICS32A_42,A,bm_above,Male,Non-URG,No,5,5,3,5,5,2,3,1,0
Fall23,ICS32A,Fall23_ICS32A_43,A-,bm_above,Male,Non-URG,No,5,4,3,4,5,1,3,1,1
Fall23,ICS32A,Fall23_ICS32A_44,A,bm_above,Male,Non-URG,No,5,4,3,5,5,3,3,1,1
Fall23,ICS32A,Fall23_ICS32A_45,C-,cp_below_dropped,Female,Non-URG,No,4,4,4,4,4,2,1,1,1
Fall23,ICS32A,Fall23_ICS32A_46,A-,bm_above,Male,Non-URG,Yes,5,4,3,3,4,3,2,1,1
Fall23,ICS32A,Fall23_ICS32A_47,D-,cp_below_dropped,Male,URG,Yes,3,4,3,4,5,1,3,0,0
Fall23,ICS32A,Fall23_ICS32A_48,B-,bm_above,Male,Non-URG,No,5,4,3,5,5,2,3,1,1
Fall23,ICS32A,Fall23_ICS32A_49,B+,bm_above,Other,URG,No,2,4,3,5,5,4,3,1,1
Fall23,ICS32A,Fall23_ICS32A_50,A-,bm_above,Male,Non-URG,No,5,5,3,5,5,3,3,1,1
Fall23,ICS32A,Fall23_ICS32A_51,B+,bm_above,Female,Non-URG,No,3,5,3,4,4,3,2,0,1
Fall23,ICS32A,Fall23_ICS32A_52,A-,bm_above,Male,Non-URG,Yes,5,4,3,4,4,1,3,1,1
Fall23,ICS32A,Fall23_ICS32A_53,C+,cp_below_dropped,Male,Non-URG,Yes,5,4,4,5,5,2,3,0,1
Fall23,ICS32A,Fall23_ICS32A_54,A-,bm_above,Male,Non-URG,No,4,3,3,1,1,2,2,0,1
Fall23,ICS32A,Fall23_ICS32A_55,B+,bm_above,Male,Non-URG,No,5,4,2,4,3,2,2,0,1
Fall23,ICS32A,Fall23_ICS32A_56,A-,bm_above,Male,Non-URG,No,4,4,3,4,5,2,3,1,1
Fall23,ICS32A,Fall23_ICS32A_57,D,cp_below_dropped,Female,Non-URG,Yes,4,3,3,3,4,1,2,0,0
Fall23,ICS32A,Fall23_ICS32A_58,D-,cp_below_dropped,Male,Non-URG,Yes,5,4,3,5,3,4,3,1,1
Fall23,ICS32A,Fall23_ICS32A_59,A,bm_above,Male,Non-URG,No,5,4,3,4,4,2,3,1,1
Fall23,ICS32A,Fall23_ICS32A_60,A-,bm_above,Male,Non-URG,No,4,5,3,4,1,3,3,0,1
Fall23,ICS32A,Fall23_ICS32A_61,A-,bm_above,Male,Non-URG,Yes,5,5,2,4,5,2,3,1,1
Fall23,ICS32A,Fall23_ICS32A_62,F,cp_below_dropped,Male,Non-URG,No,4,5,2,4,5,1,2,0,0
Fall23,ICS32A,Fall23_ICS32A_63,C+,cp_below_dropped,Male,Non-URG,No,1,2,3,1,1,1,0,1,0
Fall23,ICS32A,Fall23_ICS32A_64,B,bm_above,Male,URG,No,5,5,1,5,5,3,3,1,1
Fall23,ICS32A,Fall23_ICS32A_65,D+,cp_below_dropped,Male,Non-URG,No,4,4,3,4,4,3,3,1,0
Fall23,ICS32A,Fall23_ICS32A_66,B,bm_above,Male,URG,No,5,1,3,5,4,2,2,1,1
Fall23,ICS32A,Fall23_ICS32A_67,A-,bm_above,Female,Non-URG,No,4,4,3,4,4,3,3,0,0
Fall23,ICS32A,Fall23_ICS32A_68,"",cp_below_dropped,Male,Non-URG,No,3,2,3,5,5,3,3,0,1
Fall23,ICS32A,Fall23_ICS32A_69,B+,bm_above,Male,Non-URG,No,5,3,3,4,3,1,3,1,1
Fall23,ICS32A,Fall23_ICS32A_70,B+,bm_above,Male,Non-URG,No,3,4,2,5,4,3,3,0,1
Fall23,ICS32A,Fall23_ICS32A_71,B,bm_above,Male,Non-URG,No,5,4,3,5,1,3,3,1,1
Fall23,ICS32A,Fall23_ICS32A_72,A-,bm_above,Male,Non-URG,No,5,4,3,4,4,3,3,1,1
Fall23,ICS32A,Fall23_ICS32A_73,A-,bm_above,Male,Non-URG,No,3,3,3,3,3,4,3,0,0
Fall23,ICS32A,Fall23_ICS32A_74,NR,cp_below_dropped,Male,URG,No,3,2,0,4,2,1,1,1,1
Fall23,ICS32A,Fall23_ICS32A_75,B,bm_above,Male,Non-URG,No,4,3,2,4,4,1,2,1,1
Fall23,ICS32A,Fall23_ICS32A_76,A,bm_above,Male,Non-URG,No,5,5,3,4,3,3,3,0,1
Fall23,ICS32A,Fall23_ICS32A_77,A+,bm_above,Male,Non-URG,No,3,4,3,3,5,2,2,1,0
Fall23,ICS32A,Fall23_ICS32A_78,B,bm_above,Other,Non-URG,No,5,2,3,2,2,3,2,1,1
Fall23,ICS32A,Fall23_ICS32A_79,B-,bm_above,Male,Non-URG,No,5,3,2,4,4,3,2,1,1
Fall23,ICS32A,Fall23_ICS32A_80,"",cp_below_dropped,Female,URG,Yes,3,2,3,4,3,3,2,1,1
Fall23,ICS32A,Fall23_ICS32A_81,D,cp_below_dropped,Male,Non-URG,No,3,1,3,5,1,3,2,1,0
Fall23,ICS32A,Fall23_ICS32A_82,B+,bm_above,Male,Non-URG,No,4,4,2,3,2,3,1,1,1
Fall23,ICS32A,Fall23_ICS32A_83,B+,bm_above,Male,Non-URG,No,4,3,3,4,4,2,1,1,0
Fall23,ICS32A,Fall23_ICS32A_84,B-,bm_above,Female,Non-URG,No,2,2,3,4,4,1,2,1,1
Fall23,ICS32A,Fall23_ICS32A_85,A-,bm_above,Male,Non-URG,No,5,4,3,5,4,3,3,1,1
Fall23,ICS32A,Fall23_ICS32A_86,B,bm_above,Male,Non-URG,No,5,4,3,2,1,2,3,0,0
Fall23,ICS32A,Fall23_ICS32A_87,B+,bm_above,Male,Non-URG,No,5,4,3,3,1,3,2,0,1
Fall23,ICS32A,Fall23_ICS32A_88,A,bm_above,Female,Non-URG,No,5,5,3,3,4,2,2,1,0
Fall23,ICS32A,Fall23_ICS32A_89,A-,bm_above,Male,Non-URG,No,5,5,3,5,5,2,3,1,1
Fall23,ICS32A,Fall23_ICS32A_90,C,cp_below_dropped,Female,Non-URG,No,3,4,1,5,4,3,2,1,0
Fall23,ICS32A,Fall23_ICS32A_91,A-,bm_above,Male,Non-URG,No,5,1,3,5,5,2,3,1,1
Fall23,ICS32A,Fall23_ICS32A_92,A,bm_above,Male,Non-URG,No,5,5,2,5,5,2,3,1,0
Fall23,ICS32A,Fall23_ICS32A_93,B+,bm_above,Male,Non-URG,No,4,2,1,4,2,2,2,1,1
Fall23,ICS32A,Fall23_ICS32A_94,A-,bm_above,Male,Non-URG,No,4,5,3,5,5,4,3,1,0
Fall23,ICS32A,Fall23_ICS32A_95,A,bm_above,Female,Non-URG,No,3,2,3,4,3,3,2,1,1
Fall23,ICS32A,Fall23_ICS32A_96,B+,bm_above,Female,Non-URG,No,3,3,3,3,4,3,1,1,1
Fall23,ICS32A,Fall23_ICS32A_97,B,bm_above,Male,Non-URG,Yes,5,1,3,5,5,3,3,0,1
Fall23,ICS32A,Fall23_ICS32A_98,A-,bm_above,Male,Non-URG,No,4,2,3,2,4,4,2,0,1
Fall23,ICS32A,Fall23_ICS32A_99,B,bm_above,Female,Non-URG,No,3,2,3,3,3,1,2,1,1
Fall23,ICS32A,Fall23_ICS32A_100,B+,bm_above,Male,Non-URG,No,5,4,3,4,3,3,3,1,1
Fall23,ICS32A,Fall23_ICS32A_101,C+,cp_below_dropped,Female,Non-URG,Yes,3,3,2,3,3,2,0,1,1
Fall23,ICS32A,Fall23_ICS32A_102,A,bm_above,Male,Non-URG,No,5,4,3,5,5,2,3,0,1
Fall23,ICS32A,Fall23_ICS32A_103,A,bm_above,Male,Non-URG,No,4,5,3,5,5,2,2,0,1
Fall23,ICS32A,Fall23_ICS32A_104,A-,bm_above,Female,Non-URG,No,2,5,2,4,4,2,2,1,1
Fall23,ICS32A,Fall23_ICS32A_105,A,bm_above,Male,Non-URG,No,4,3,3,4,4,1,2,1,0
Fall23,ICS32A,Fall23_ICS32A_106,A,bm_above,Male,Non-URG,No,4,5,3,5,1,2,3,1,0
Fall23,ICS32A,Fall23_ICS32A_107,B,bm_above,Male,Non-URG,No,4,4,3,5,4,2,2,1,1
Fall23,ICS32A,Fall23_ICS32A_108,A,bm_above,Male,Non-URG,No,4,5,3,4,4,1,3,1,1
Fall23,ICS32A,Fall23_ICS32A_109,A,bm_above,Male,Non-URG,No,4,4,3,4,4,3,2,1,1
Fall23,ICS32A,Fall23_ICS32A_110,B+,bm_above,Male,Non-URG,No,5,5,3,3,4,1,2,1,1
Fall23,ICS32A,Fall23_ICS32A_111,B,bm_above,Male,Non-URG,Yes,5,4,3,3,2,3,1,0,1
Fall23,ICS32A,Fall23_ICS32A_112,A,bm_above,Male,Non-URG,No,5,2,3,4,5,2,2,1,1
Fall23,ICS32A,Fall23_ICS32A_113,B+,bm_above,Male,Non-URG,No,4,3,3,3,4,1,2,1,1
Fall23,ICS32A,Fall23_ICS32A_114,A,bm_above,Male,Non-URG,No,4,5,3,4,2,3,2,1,0
Fall23,ICS32A,Fall23_ICS32A_115,A-,bm_above,Male,Non-URG,No,5,3,3,5,4,2,2,0,1
Fall23,ICS32A,Fall23_ICS32A_116,B,bm_above,Male,Non-URG,No,5,2,3,3,2,1,1,0,1
Fall23,ICS32A,Fall23_ICS32A_117,A-,bm_above,Male,Non-URG,No,5,4,3,5,5,1,3,1,1
Fall23,ICS32A,Fall23_ICS32A_118,A-,bm_above,Female,Non-URG,No,4,4,3,2,4,1,2,0,1
Fall23,ICS32A,Fall23_ICS32A_119,A-,bm_above,Male,Non-URG,No,5,2,3,4,3,3,2,1,1
Fall23,ICS32A,Fall23_ICS32A_120,B-,bm_above,Female,Non-URG,No,5,3,1,3,4,2,3,1,1
Fall23,ICS32A,Fall23_ICS32A_121,A-,bm_above,Male,Non-URG,No,5,5,3,5,5,3,3,1,1
Fall23,ICS32A,Fall23_ICS32A_122,A,bm_above,Male,Non-URG,No,3,5,3,5,5,2,2,0,1
Fall23,ICS32A,Fall23_ICS32A_123,A,bm_above,Male,Non-URG,No,5,4,3,1,2,2,3,1,1
Fall23,ICS32A,Fall23_ICS32A_124,A,bm_above,Female,Non-URG,No,4,4,3,4,4,2,2,1,1
Fall23,ICS32A,Fall23_ICS32A_125,B,bm_above,Male,Non-URG,No,5,5,3,5,5,3,3,0,1
Fall23,ICS32A,Fall23_ICS32A_126,A-,bm_above,Male,Non-URG,No,5,5,3,4,3,4,1,1,1
Fall23,ICS32A,Fall23_ICS32A_127,C+,cp_below_dropped,Female,Non-URG,No,4,4,3,4,3,2,1,1,1
Fall23,ICS32A,Fall23_ICS32A_128,B,bm_above,Male,Non-URG,No,3,5,2,3,3,2,2,1,1
Fall23,ICS32A,Fall23_ICS32A_129,A,bm_above,Female,URG,No,5,4,3,4,5,2,3,0,1
Fall23,ICS32A,Fall23_ICS32A_130,A,bm_above,Other,Non-URG,No,5,5,3,4,5,4,2,1,1
Fall23,ICS32A,Fall23_ICS32A_131,B,bm_above,Female,Non-URG,No,3,5,2,3,3,1,1,1,1
Fall23,ICS32A,Fall23_ICS32A_132,B,bm_above,Female,Non-URG,No,3,5,3,4,3,1,2,1,1
Fall23,ICS32A,Fall23_ICS32A_133,A-,bm_above,Female,Non-URG,No,4,5,1,5,5,3,3,1,0
Fall23,ICS32A,Fall23_ICS32A_134,C+,cp_below_dropped,Male,Non-URG,No,5,4,1,3,3,2,2,1,0
Fall23,ICS32A,Fall23_ICS32A_135,B,bm_above,Male,Non-URG,No,3,3,3,3,3,0,1,0,0
Fall23,ICS32A,Fall23_ICS32A_136,A-,bm_above,Male,Non-URG,No,3,2,4,5,5,2,3,1,0
Fall23,ICS32A,Fall23_ICS32A_137,A-,bm_above,Male,Non-URG,No,3,4,3,4,5,2,3,1,1
Fall23,ICS32A,Fall23_ICS32A_138,A,bm_above,Male,Non-URG,No,3,5,3,1,4,3,3,1,1
Fall23,ICS32A,Fall23_ICS32A_139,B+,bm_above,Male,Non-URG,No,5,5,3,4,5,3,3,1,1
Fall23,ICS32A,Fall23_ICS32A_140,A,bm_above,Male,Non-URG,No,5,5,1,5,5,1,3,1,1
Fall23,ICS32A,Fall23_ICS32A_141,A,bm_above,Male,Non-URG,No,5,4,3,4,4,1,3,1,1
Fall23,ICS32A,Fall23_ICS32A_142,A,bm_above,Male,Non-URG,Yes,4,3,3,3,4,3,2,1,1
Fall23,ICS32A,Fall23_ICS32A_143,A-,bm_above,Male,Non-URG,No,5,4,3,5,5,1,3,1,1
Fall23,ICS32A,Fall23_ICS32A_144,A-,bm_above,Male,Non-URG,Yes,4,1,3,5,5,2,3,1,1
Fall23,ICS32A,Fall23_ICS32A_145,B+,bm_above,Male,Non-URG,No,4,4,3,4,4,2,2,1,1
Fall23,ICS32A,Fall23_ICS32A_146,A,bm_above,Male,Non-URG,No,3,5,3,5,4,4,3,1,1
Fall23,ICS32A,Fall23_ICS32A_147,A-,bm_above,Male,Non-URG,No,5,5,2,5,1,3,2,1,0
Fall23,ICS32A,Fall23_ICS32A_148,B-,bm_above,Male,Non-URG,No,3,4,3,4,3,1,2,1,1
Fall23,ICS32A,Fall23_ICS32A_149,B,bm_above,Male,Non-URG,No,5,2,3,4,4,1,3,1,1
Fall23,ICS32A,Fall23_ICS32A_150,A,bm_above,Male,Non-URG,No,5,2,3,5,5,1,3,1,1
Fall23,ICS32A,Fall23_ICS32A_151,B+,bm_above,Male,Non-URG,No,3,2,3,3,4,2,2,1,1
Fall23,ICS32A,Fall23_ICS32A_152,A-,bm_above,Male,Non-URG,Yes,4,1,3,4,5,1,2,1,1
Fall23,ICS32A,Fall23_ICS32A_153,B,bm_above,Male,Non-URG,No,4,5,4,5,5,2,2,1,0
Fall23,ICS32A,Fall23_ICS32A_154,C,cp_below_dropped,Male,Non-URG,Yes,2,4,4,4,3,3,3,1,1
Fall23,ICS32A,Fall23_ICS32A_155,D+,cp_below_dropped,Male,Non-URG,No,5,4,3,3,4,1,2,1,1
Fall23,ICS32A,Fall23_ICS32A_156,B,bm_above,Male,Non-URG,Yes,5,4,2,4,4,2,2,1,1
Fall23,ICS32A,Fall23_ICS32A_157,A-,bm_above,Male,Non-URG,No,5,5,3,5,3,3,3,0,0
Fall23,ICS32A,Fall23_ICS32A_158,B,bm_above,Male,Non-URG,No,5,4,3,3,2,1,2,1,1
Fall23,ICS32A,Fall23_ICS32A_159,B,bm_above,Female,Non-URG,No,5,1,3,5,5,4,3,1,1
Fall23,ICS32A,Fall23_ICS32A_160,B+,bm_above,Female,Non-URG,No,3,5,3,4,4,2,2,1,1
Fall23,ICS32A,Fall23_ICS32A_161,B-,bm_above,Male,Non-URG,No,4,3,2,4,4,1,3,1,1
Fall23,ICS32A,Fall23_ICS32A_162,C,cp_below_dropped,Male,Non-URG,No,3,3,3,3,3,1,1,1,1
Fall23,ICS32A,Fall23_ICS32A_163,D-,cp_below_dropped,Female,Non-URG,No,2,2,3,3,2,3,1,1,1
Fall23,ICS32A,Fall23_ICS32A_164,A-,bm_above,Male,Non-URG,No,4,4,3,4,4,2,2,1,1
Fall23,ICS32A,Fall23_ICS32A_165,B+,bm_above,Female,Non-URG,No,5,4,1,3,3,2,2,1,1
Fall23,ICS32A,Fall23_ICS32A_166,B,bm_above,Other,Non-URG,No,3,2,3,4,3,1,3,1,1
Fall23,ICS32A,Fall23_ICS32A_167,A,bm_above,Male,Non-URG,No,4,4,3,4,4,3,2,1,1
Fall23,ICS32A,Fall23_ICS32A_168,C+,cp_below_dropped,Male,Non-URG,No,2,4,3,5,5,3,3,0,1
Fall23,ICS32A,Fall23_ICS32A_169,A,bm_above,Male,Non-URG,No,4,3,3,4,3,3,2,1,1
Fall23,ICS32A,Fall23_ICS32A_170,A-,bm_above,Female,Non-URG,No,3,5,3,4,4,3,3,1,1
Fall23,ICS32A,Fall23_ICS32A_171,B,bm_above,Female,Non-URG,No,4,2,3,3,3,1,1,1,1
Fall23,ICS32A,Fall23_ICS32A_172,A,bm_above,Female,Non-URG,No,5,4,2,2,4,1,2,1,1
Fall23,ICS32A,Fall23_ICS32A_173,C-,cp_below_dropped,Male,Non-URG,No,2,4,3,3,1,1,2,0,1
Fall23,ICS32A,Fall23_ICS32A_174,B-,bm_above,Female,Non-URG,No,2,2,3,4,3,2,1,0,1
Fall23,ICS32A,Fall23_ICS32A_175,C+,cp_below_dropped,Female,Non-URG,No,3,4,2,5,4,1,2,1,1
Fall23,ICS32A,Fall23_ICS32A_176,B,bm_above,Male,Non-URG,No,5,5,3,3,2,3,1,0,1
Fall23,ICS32A,Fall23_ICS32A_177,A,bm_above,Female,Non-URG,No,5,5,3,4,4,2,2,1,0
Fall23,ICS32A,Fall23_ICS32A_178,B-,bm_above,Male,Non-URG,No,5,5,2,3,1,3,3,0,1
Fall23,ICS32A,Fall23_ICS32A_179,C,cp_below_dropped,Male,Non-URG,No,2,3,3,3,3,3,3,0,1
Fall23,ICS32A,Fall23_ICS32A_180,B+,bm_above,Male,Non-URG,No,5,5,3,5,5,4,3,1,1
Fall23,ICS32A,Fall23_ICS32A_181,B+,bm_above,Male,Non-URG,No,5,3,3,3,3,2,2,1,1
Fall23,ICS32A,Fall23_ICS32A_182,B,bm_above,Female,Non-URG,No,4,2,3,3,2,2,2,1,1
Fall23,ICS32A,Fall23_ICS32A_183,A-,bm_above,Female,Non-URG,No,3,2,3,5,5,2,2,1,1
Fall23,ICS32A,Fall23_ICS32A_184,"",cp_below_dropped,Male,Non-URG,No,2,2,3,1,1,1,0,0,1
Fall23,ICS32A,Fall23_ICS32A_185,B+,bm_above,Male,Non-URG,No,3,4,3,2,2,1,2,1,1
Fall23,ICS32A,Fall23_ICS32A_186,A-,bm_above,Male,Non-URG,No,4,2,3,5,3,2,3,0,1
Fall23,ICS32A,Fall23_ICS32A_187,F,cp_below_dropped,Female,Non-URG,No,4,1,4,3,2,1,1,1,0
Fall23,ICS32A,Fall23_ICS32A_188,C+,cp_below_dropped,Male,Non-URG,No,4,3,3,4,4,1,2,1,0
Fall23,ICS32A,Fall23_ICS32A_189,A-,bm_above,Male,Non-URG,No,5,4,2,4,5,2,2,0,1
Fall23,ICS32A,Fall23_ICS32A_190,C+,cp_below_dropped,Female,Non-URG,No,2,3,3,4,4,2,1,0,1
Fall23,ICS32A,Fall23_ICS32A_191,A-,bm_above,Male,Non-URG,No,4,2,3,4,5,2,2,1,1
Fall23,ICS32A,Fall23_ICS32A_192,A-,bm_above,Male,Non-URG,No,3,4,3,4,4,3,2,1,1
Fall23,ICS32A,Fall23_ICS32A_193,B-,bm_above,Female,Non-URG,No,1,3,3,4,3,1,2,1,1
Fall23,ICS32A,Fall23_ICS32A_194,C+,cp_below_dropped,Female,Non-URG,No,1,1,3,5,5,3,3,0,1
Fall23,ICS32A,Fall23_ICS32A_195,A-,bm_above,Male,Non-URG,No,5,5,3,5,1,3,3,1,1
Fall23,ICS32A,Fall23_ICS32A_196,A-,bm_above,Male,Non-URG,No,5,5,1,5,5,1,3,0,0
Fall23,ICS32A,Fall23_ICS32A_197,B-,bm_above,Male,Non-URG,No,5,1,3,4,5,3,2,1,1
Fall23,ICS32A,Fall23_ICS32A_198,A,bm_above,Male,Non-URG,No,5,4,3,4,4,2,3,1,1
Fall23,ICS32A,Fall23_ICS32A_199,B,bm_above,Male,Non-URG,No,5,1,2,5,5,5,3,1,0
Fall23,ICS32A,Fall23_ICS32A_200,A,bm_above,Female,Non-URG,No,3,4,2,3,2,1,2,1,1
Fall23,ICS32A,Fall23_ICS32A_201,C+,cp_below_dropped,Male,Non-URG,No,4,2,1,3,5,1,1,1,1
Fall23,ICS32A,Fall23_ICS32A_202,A-,bm_above,Male,Non-URG,No,5,5,3,5,1,3,3,1,1
Fall23,ICS32A,Fall23_ICS32A_203,A-,bm_above,Male,Non-URG,No,5,3,3,3,3,1,2,0,1
Fall23,ICS32A,Fall23_ICS32A_204,A-,bm_above,Male,Non-URG,No,2,5,3,3,2,2,1,0,1
Fall23,ICS32A,Fall23_ICS32A_205,A-,bm_above,Female,Non-URG,No,4,4,2,4,4,2,2,1,0
Fall23,ICS32A,Fall23_ICS32A_206,B+,bm_above,Other,Non-URG,No,3,5,3,4,5,1,2,1,1
Fall23,ICS32A,Fall23_ICS32A_207,B+,bm_above,Male,Non-URG,No,4,3,3,4,4,4,3,1,1
Fall23,ICS32A,Fall23_ICS32A_208,B+,bm_above,Male,Non-URG,No,4,4,3,4,4,2,2,1,0
Fall23,ICS32A,Fall23_ICS32A_209,C,cp_below_dropped,Male,Non-URG,Yes,2,5,3,5,5,2,3,0,1
Fall23,ICS32A,Fall23_ICS32A_210,A-,bm_above,Male,Non-URG,No,5,5,3,4,5,4,2,1,1
Fall23,ICS32A,Fall23_ICS32A_211,A,bm_above,Male,Non-URG,No,5,3,3,5,4,3,3,1,1
Fall23,ICS32A,Fall23_ICS32A_212,D-,cp_below_dropped,Female,Non-URG,Yes,2,4,3,5,5,1,1,0,0
Winter24,ICS32,Winter24_ICS32_0,"","",Male,Non-URG,No,5,5,3,3,3,2,2,0,1
Winter24,ICS32,Winter24_ICS32_1,"","",Male,Non-URG,No,5,3,3,4,4,1,2,0,1
Winter24,ICS32,Winter24_ICS32_2,"","",Male,Non-URG,Yes,3,5,3,4,2,1,0,0,0
Winter24,ICS32,Winter24_ICS32_3,"","",Female,Non-URG,No,5,5,3,4,4,3,2,0,1
Winter24,ICS32,Winter24_ICS32_4,"","",Male,Non-URG,No,5,2,1,5,5,2,3,1,1
Winter24,ICS32,Winter24_ICS32_5,"","",Female,Non-URG,No,4,4,3,3,4,1,1,0,1
Winter24,ICS32,Winter24_ICS32_6,"","",Female,Non-URG,Yes,3,4,3,4,4,0,2,1,1
Winter24,ICS32,Winter24_ICS32_7,"","",Female,URG,Yes,3,1,2,4,2,0,1,1,0
Winter24,ICS32,Winter24_ICS32_8,"","",Male,Non-URG,No,3,3,2,3,4,0,2,1,1
Winter24,ICS32,Winter24_ICS32_9,"","",Female,Non-URG,No,2,3,2,3,3,1,2,0,1
Winter24,ICS32,Winter24_ICS32_10,"","",Male,Non-URG,No,4,4,2,4,5,2,3,1,0
Winter24,ICS32,Winter24_ICS32_11,"","",Female,Non-URG,No,2,2,1,4,3,2,3,1,1
Winter24,ICS32,Winter24_ICS32_12,"","",Female,URG,Yes,5,5,0,4,4,1,2,1,1
Winter24,ICS32,Winter24_ICS32_13,"","",Female,Non-URG,No,5,1,3,4,5,2,2,1,0
Winter24,ICS32,Winter24_ICS32_14,"","",Male,Non-URG,No,3,4,3,3,5,2,2,1,1
Winter24,ICS32,Winter24_ICS32_15,"","",Male,Non-URG,No,5,3,2,4,2,1,2,1,1
Winter24,ICS32,Winter24_ICS32_16,"","",Female,Non-URG,No,5,5,2,5,3,2,3,1,1
Winter24,ICS32,Winter24_ICS32_17,"","",Male,Non-URG,No,5,2,1,4,5,1,2,1,1
Winter24,ICS32,Winter24_ICS32_18,"","",Male,URG,Yes,4,4,1,3,2,2,1,0,0
Winter24,ICS32,Winter24_ICS32_19,"","",Female,Non-URG,No,4,4,1,4,5,2,2,1,1
Winter24,ICS32,Winter24_ICS32_20,"","",Male,Non-URG,No,1,3,3,4,3,1,2,0,0
Winter24,ICS32,Winter24_ICS32_21,"","",Female,Non-URG,No,4,5,1,2,2,0,1,1,0
Winter24,ICS32,Winter24_ICS32_22,"","",Female,Non-URG,No,5,4,4,4,3,0,2,1,0
Winter24,ICS32,Winter24_ICS32_23,"","",Female,URG,No,4,4,1,3,3,0,1,1,1
Winter24,ICS32,Winter24_ICS32_24,"","",Female,Non-URG,No,3,4,3,4,5,3,2,1,1
Winter24,ICS32,Winter24_ICS32_25,"","",Other,Non-URG,No,2,3,0,3,3,2,2,1,1
Winter24,ICS32,Winter24_ICS32_26,"","",Female,Non-URG,No,3,4,0,3,3,0,1,1,1
Winter24,ICS32,Winter24_ICS32_27,"","",Female,Non-URG,No,5,5,3,3,4,0,3,0,0
Winter24,ICS32,Winter24_ICS32_28,"","",Male,Non-URG,Yes,3,5,2,3,4,0,1,1,0
Winter24,ICS32,Winter24_ICS32_29,"","",Male,Non-URG,No,5,5,2,4,3,2,2,1,0
Winter24,ICS32,Winter24_ICS32_30,"","",Male,Non-URG,No,2,2,1,1,5,2,2,1,0
Winter24,ICS32,Winter24_ICS32_31,"","",Female,Non-URG,No,2,3,3,4,4,2,3,1,1
Winter24,ICS32,Winter24_ICS32_32,"","",Female,Non-URG,No,3,4,3,3,5,2,2,0,0
Winter24,ICS32,Winter24_ICS32_33,"","",Female,Non-URG,Yes,3,4,3,3,2,1,1,0,1
Winter24,ICS32,Winter24_ICS32_34,"","",Male,Non-URG,No,5,2,3,3,4,0,1,1,0
Winter24,ICS32,Winter24_ICS32_35,"","",Male,URG,Yes,3,1,3,2,2,0,2,0,0
Winter24,ICS32,Winter24_ICS32_36,"","",Male,URG,No,4,5,0,4,1,1,2,0,0
Winter24,ICS32,Winter24_ICS32_37,"","",Female,Non-URG,No,1,4,3,2,1,0,1,0,0
Winter24,ICS32,Winter24_ICS32_38,"","",Female,URG,Yes,3,4,0,3,3,1,1,0,1
Winter24,ICS32,Winter24_ICS32_39,"","",Male,URG,Yes,3,3,0,3,4,0,2,0,1
Winter24,ICS32,Winter24_ICS32_40,"","",Male,Non-URG,No,3,4,2,3,4,0,2,1,0
Winter24,ICS32,Winter24_ICS32_41,"","",Female,URG,Yes,3,4,2,3,3,1,3,1,1
Winter24,ICS32,Winter24_ICS32_42,"","",Female,Non-URG,No,5,5,4,4,3,0,2,1,0
Winter24,ICS32,Winter24_ICS32_43,"","",Female,Non-URG,No,5,5,1,4,3,1,3,1,1
Winter24,ICS32,Winter24_ICS32_44,"","",Female,Non-URG,No,3,5,2,4,3,0,1,1,1
Winter24,ICS32,Winter24_ICS32_45,"","",Male,Non-URG,Yes,4,2,3,4,4,1,2,1,1
Winter24,ICS32,Winter24_ICS32_46,"","",Male,URG,Yes,3,5,3,3,4,3,3,1,1
Winter24,ICS32,Winter24_ICS32_47,"","",Female,Non-URG,No,3,4,2,3,3,0,1,0,1
Winter24,ICS32,Winter24_ICS32_48,"","",Male,Non-URG,Yes,4,3,3,3,4,0,2,0,1
Winter24,ICS32,Winter24_ICS32_49,"","",Female,Non-URG,No,4,1,2,3,1,0,1,0,1
Winter24,ICS32,Winter24_ICS32_50,"","",Male,Non-URG,No,4,3,0,4,3,0,3,1,1
Winter24,ICS32,Winter24_ICS32_51,"","",Male,Non-URG,No,4,5,1,4,4,2,2,1,1
Winter24,ICS32,Winter24_ICS32_52,"","",Male,Non-URG,No,4,4,2,3,3,2,2,1,1
Winter24,ICS32,Winter24_ICS32_53,"","",Male,URG,Yes,4,4,1,5,5,3,3,1,1
Winter24,ICS32,Winter24_ICS32_54,"","",Female,URG,Yes,2,2,3,4,2,0,2,1,0
Winter24,ICS32,Winter24_ICS32_55,"","",Male,Non-URG,No,5,5,3,5,5,0,3,1,1
Winter24,ICS32,Winter24_ICS32_56,"","",Male,Non-URG,No,4,4,3,3,3,0,2,0,1
Winter24,ICS32,Winter24_ICS32_57,"","",Male,URG,Yes,3,2,0,2,1,0,0,0,0
Winter24,ICS32,Winter24_ICS32_58,"","",Female,Non-URG,No,2,3,2,3,2,0,2,1,1
Winter24,ICS32,Winter24_ICS32_59,"","",Male,Non-URG,No,2,3,0,3,3,0,3,1,1
Winter24,ICS32,Winter24_ICS32_60,"","",Male,Non-URG,No,4,2,2,4,5,0,2,0,0
Winter24,ICS32,Winter24_ICS32_61,"","",Female,Non-URG,No,5,4,3,3,4,2,1,1,1
Winter24,ICS32,Winter24_ICS32_62,"","",Male,URG,Yes,5,4,0,5,4,0,3,1,1
Winter24,ICS32,Winter24_ICS32_63,"","",Male,Non-URG,No,5,2,3,2,1,2,2,0,0
Winter24,ICS32,Winter24_ICS32_64,"","",Male,Non-URG,Yes,1,3,3,3,3,1,0,0,0
Winter24,ICS32,Winter24_ICS32_65,"","",Male,Non-URG,No,4,4,1,3,3,2,2,1,1
Winter24,ICS32,Winter24_ICS32_66,"","",Female,Non-URG,No,3,3,3,3,2,1,1,0,0
Winter24,ICS32,Winter24_ICS32_67,"","",Female,Non-URG,No,2,4,1,5,5,1,2,0,0
Winter24,ICS32,Winter24_ICS32_68,"","",Male,Non-URG,No,4,5,3,5,4,2,2,1,1
Winter24,ICS32,Winter24_ICS32_69,"","",Male,Non-URG,No,3,5,2,5,5,2,3,1,0
Winter24,ICS32,Winter24_ICS32_70,"","",Female,Non-URG,No,3,2,2,3,3,0,2,0,0
Winter24,ICS32,Winter24_ICS32_71,"","",Female,Non-URG,No,5,4,4,3,4,1,2,0,0
Winter24,ICS32,Winter24_ICS32_72,"","",Male,Non-URG,No,5,2,1,3,3,0,2,1,1
Winter24,ICS32,Winter24_ICS32_73,"","",Male,Non-URG,No,2,2,0,3,3,0,1,1,1
Winter24,ICS32,Winter24_ICS32_74,"","",Male,Non-URG,No,5,4,2,3,4,0,3,0,0
Winter24,ICS32,Winter24_ICS32_75,"","",Female,URG,No,2,3,2,2,2,1,2,1,1
Winter24,ICS32,Winter24_ICS32_76,"","",Female,URG,No,1,2,1,3,2,0,3,0,0
Winter24,ICS32,Winter24_ICS32_77,"","",Male,Non-URG,Yes,5,2,2,4,2,1,3,0,1
Winter24,ICS32,Winter24_ICS32_78,"","",Male,Non-URG,No,2,2,2,3,3,2,2,1,1
Winter24,ICS32,Winter24_ICS32_79,"","",Female,Non-URG,No,2,5,2,5,5,2,3,0,1
Winter24,ICS32,Winter24_ICS32_80,"","",Male,URG,No,3,3,0,3,3,0,2,1,0
Winter24,ICS32,Winter24_ICS32_81,"","",Female,Non-URG,No,5,2,4,2,4,0,2,0,0
Winter24,ICS32,Winter24_ICS32_82,"","",Male,URG,No,4,2,1,3,3,1,3,0,0
Winter24,ICS32,Winter24_ICS32_83,"","",Female,Non-URG,No,2,4,2,3,2,0,2,0,0
Winter24,ICS32,Winter24_ICS32_84,"","",Male,Non-URG,No,5,4,1,5,5,0,3,0,1
Winter24,ICS32,Winter24_ICS32_85,"","",Male,Non-URG,No,2,4,0,4,3,1,2,1,1
Winter24,ICS32,Winter24_ICS32_86,"","",Male,URG,No,3,2,1,4,4,2,2,1,1
Winter24,ICS32,Winter24_ICS32_87,"","",Male,Non-URG,No,2,5,1,5,5,2,3,1,1
Winter24,ICS32,Winter24_ICS32_88,"","",Male,Non-URG,No,1,5,2,5,1,4,3,1,1
Winter24,ICS32,Winter24_ICS32_89,"","",Male,Non-URG,No,5,5,3,4,2,2,3,1,1
Winter24,ICS32,Winter24_ICS32_90,"","",Female,URG,Yes,2,2,0,3,2,1,1,0,0
Winter24,ICS32,Winter24_ICS32_91,"","",Female,Non-URG,No,4,5,0,3,3,0,2,1,1
Winter24,ICS32,Winter24_ICS32_92,"","",Male,Non-URG,No,5,3,1,3,3,1,2,0,1
Winter24,ICS32,Winter24_ICS32_93,"","",Female,Non-URG,No,5,4,1,3,3,1,2,1,1
Winter24,ICS32,Winter24_ICS32_94,"","",Male,Non-URG,No,5,2,1,3,3,2,2,0,1
Winter24,ICS32,Winter24_ICS32_95,"","",Male,Non-URG,Yes,4,3,3,3,3,0,2,1,1
Winter24,ICS32,Winter24_ICS32_96,"","",Male,Non-URG,No,1,1,3,2,3,1,1,1,0
Winter24,ICS32,Winter24_ICS32_97,"","",Female,Non-URG,No,2,4,1,3,3,2,3,0,0
